Workbook

Sheet Previsto x realizado
A1: Pilar | B1: Ações | C1: Distribuidora | D1: Regional | E1: Ação Iniciada? | F1: Apuração | G1: Status das ações | H1: Grau de prioridade | I1: Cálculo para meta da distribuidora | J1: Observação da meta da distribuidora | K1: Acumulativo por periodo | L1: Descrição Indicador / Item de controle | M1: Meta | N1: Indicador / Item de controle | O1: Unidade | P1: Indicador de Planejamento | Q1: Indicador de meta de Segurança | R1: Indicadores de resultado descrição | S1: Indicadores de resultado | T1: 46023 | U1: 46054 | V1: 46082 | W1: 46113 | X1: 46143 | Y1: 46174 | Z1: 46204 | AA1: 46235 | AB1: 46266 | AC1: 46296 | AD1: 46327 | AE1: 46357 | AG1: 46023 | AH1: 46054 | AI1: 46082 | AJ1: 46113 | AK1: 46143 | AL1: 46174 | AM1: 46204 | AN1: 46235 | AO1: 46266 | AP1: 46296 | AQ1: 46327 | AR1: 46357 | AS1: Acumulado Prev | AT1: Acumulado Real (Limitado) | AU1: Acumulado Real (Sem limite) | AW1: 46023 | AX1: 46054 | AY1: 46082 | AZ1: 46113 | BA1: 46143 | BB1: 46174 | BC1: 46204 | BD1: 46235 | BE1: 46266 | BF1: 46296 | BG1: 46327 | BH1: 46357 | BI1: Valor do último mês | BJ1: Valor do mês anterior | BK1: Valor acumulado 2026 | BL1: Valor acumulado 2026 (mês antes) | BM1: Mês anterior | BN1: Último mês | BO1: Previsão | BP1: Previsão mês anterior | BQ1: % Recuperação | BR1: Valor Recuperação | BS1: Previsão mês próximo
A2: POPULAÇÃO | B2: Aumenta efetividade de ações técnicas | C2: AL | D2: TODAS | E2: {=_xlfn.IFS( F2 = "A partir de Abril", "Aguardando Execução na Distribuidora", A2 = "CAPACITAÇÃO", "Em execução no Corporativo", TRUE, "Em Execução na Distribuidora" )} -> Em Execução na Distribuidora | F2: {=_xlfn.IFS( AG2 <> "", "Jan-Dez/26", AH2 <> "", "Fev-Dez/26", AI2 <> "", "Mar-Dez/26", AJ2 <> "", "Abr-Dez/26", TRUE, "A partir de Junho" )} -> Jan-Dez/26 | G2: Iniciada | H2: P1 | I2: (N° de soluções implementadas/n° soluções programadas)*100 | J2: {=_xlfn.LET( _xlpm.actual_value_month, INDEX(T2:AE2, MATCH(DATE(YEAR(TODAY()), MONTH(TODAY()), 1), $T$1:$AE$1, 0)), IF(_xlpm.actual_value_month <> "",_xlpm.actual_value_month & " soluções mensais", "") )} -> 2 soluções mensais | K2: {=_xlfn.LET( _xlpm.sum_month, SUM(T2:AE2), IF(_xlpm.sum_month = 0, "", _xlpm.sum_month & " soluções implementadas no ano") )} -> 33 soluções implementadas no ano | L2: Quantidade de soluções implementadas​ | M2: 01 solução implementada por regional por distribuidora | N2: Indicador | O2: Percentual | P2: - | Q2: - | R2: Índice de Compromisso com a Cultura de Segurança (ICCS) | S2: Indicadores de impacto e compromisso em segurança | T2: 5 | U2: 5 | V2: 5 | W2: 2 | X2: 2 | Y2: 2 | Z2: 2 | AA2: 2 | AB2: 2 | AC2: 2 | AD2: 2 | AE2: 2 | AG2: 5 | AH2: 5 | AI2: 5 | AJ2: 3 | AS2: =IF(MONTH(TODAY())=3,SUM(T2:U2),IF(MONTH(TODAY())=4,SUM(T2:V2),IF(MONTH(TODAY())=5,SUM(T2:W2),IF(MONTH(TODAY())=6,SUM(T2:X2),IF(MONTH(TODAY())=7,SUM(T2:Y2),IF(MONTH(TODAY())=8,SUM(T2:Z2),IF(MONTH(TODAY())=9,SUM(T2:AA2),IF(MONTH(TODAY())=10,SUM(T2:AB2),IF(MONTH(TODAY())=11,SUM(T2:AC2),IF(MONTH(TODAY())=12,SUM(T2:AD2),IF(MONTH(TODAY())=1,SUM(T2:AE2),T2))))))))))) -> 19 | AT2: =SUM(IF(AW2<1.15,AG2,1.15*T2),IF(AX2<1.15,AH2,1.15*U2),IF(AY2<1.15,AI2,1.15*V2),IF(AZ2<1.15,AJ2,1.15*W2),IF(BA2<1.15,AK2,1.15*X2),IF(BB2<1.15,AL2,1.15*Y2),IF(BC2<1.15,AM2,1.15*Z2),IF(BD2<1.15,AN2,1.15*AA2),IF(BE2<1.15,AO2,1.15*AB2),IF(BF2<1.15,AP2,1.15*AC2),IF(BG2<1.15,AQ2,1.15*AD2),IF(BH2<1.15,AR2,1.15*AE2)) -> 17.3 | AU2: =SUM(AG2:AR2) -> 18 | AW2: =IFERROR(IF(AG2="",0,AG2/T2),0) -> 1 | AX2: =IFERROR(IF(AH2="",0,AH2/U2),0) -> 1 | AY2: =IFERROR(IF(AI2="",0,AI2/V2),0) -> 1 | AZ2: =IFERROR(IF(AJ2="",0,AJ2/W2),0) -> 1.5 | BI2: {=IFERROR(INDEX(AW2:BH2,1,MATCH(2,1/(AW2:BH2<>""))),"")} -> 1.5 | BJ2: {=IF(BM2 = "", "",IFERROR(INDEX(AW2:BH2,1,MATCH(2,1/(AW2:BH2<>""),1)-1),""))} -> 1 | BK2: =IF((IF(AW2>=115%,115%,AW2) + IF(AX2>=115%,115%,AX2) + IF(AY2>=115%,115%,AY2) + (IF(AZ2>=115%,115%,AZ2) + IF(BA2>=115%,115%,BA2) + IF(BB2>=115%,115%,BB2) + IF(BC2>=115%,115%,BC2) + IF(BD2>=115%,115%,BD2) + IF(BE2>=115%,115%,BE2) + IF(BF2>=115%,115%,BF2) + IF(BG2>=115%,115%,BG2) + IF(BH2>=115%,115%,BH2)))/_xlfn.XLOOKUP(F2,Apuração!A:A,Apuração!B:B)>=1.15,1.15,((IF(AZ2>=115%,115%,AZ2) + IF(AX2>=115%,115%,AX2) + IF(AY2>=115%,115%,AY2) + (IF(AW2>=115%,115%,AW2) + IF(BA2>=115%,115%,BA2) + IF(BB2>=115%,115%,BB2) + IF(BC2>=115%,115%,BC2) + IF(BD2>=115%,115%,BD2) + IF(BE2>=115%,115%,BE2) + IF(BF2>=115%,115%,BF2) + IF(BG2>=115%,115%,BG2) + IF(BH2>=115%,115%,BH2)))/_xlfn.XLOOKUP(F2,Apuração!A:A,Apuração!B:B))) -> 0.34583333 | BL2: {=IF(SUM(IFERROR(IF(INDEX(AW2:INDEX(AW2:BH2, MATCH(2, 1/(AW2:BH2<>""), 1)-1), ROW(INDIRECT("1:" & MATCH(2, 1/(AW2:BH2<>""), 1)-1))) >= 115%, 115%, INDEX(AW2:INDEX(AW2:BH2, MATCH(2, 1/(AW2:BH2<>""), 1)-1), ROW(INDIRECT("1:" & MATCH(2, 1/(AW2:BH2<>""), 1)-1)))), 0))/_xlfn.XLOOKUP(F2,Apuração!A:A,Apuração!B:B)>=1.15,1.15,SUM(IFERROR(IF(INDEX(AW2:INDEX(AW2:BH2, MATCH(2, 1/(AW2:BH2<>""), 1)-1), ROW(INDIRECT("1:" & MATCH(2, 1/(AW2:BH2<>""), 1)-1))) >= 115%, 115%, INDEX(AW2:INDEX(AW2:BH2, MATCH(2, 1/(AW2:BH2<>""), 1)-1), ROW(INDIRECT("1:" & MATCH(2, 1/(AW2:BH2<>""), 1)-1)))), 0))/_xlfn.XLOOKUP(F2,Apuração!A:A,Apuração!B:B))} -> 0.25 | BM2: {=IFERROR( INDEX($AW$1:$BH$1, _xlfn.AGGREGATE(14, 6, COLUMN($AW$1:$BH$1)/(AW2:BH2<>""), 2) - COLUMN($AW$1) + 1 ), "")} -> 46082 | BN2: {=IFERROR(INDEX($AW$1:$BH$1,1,MATCH(2,1/(AW2:BH2<>""))),"")} -> 46113 | BO2: =IFERROR(_xlfn.XLOOKUP(F2,Apuração!A:A,Apuração!C:C)/_xlfn.XLOOKUP(F2,Apuração!A:A,Apuração!B:B),0) -> 0.41666667 | BP2: =IFERROR(_xlfn.XLOOKUP(F2,Apuração!A:A,Apuração!D:D)/_xlfn.XLOOKUP(F2,Apuração!A:A,Apuração!B:B),0) -> 0.33333333 | BQ2: =IF(BK2>=BO2,0,_xlfn.XLOOKUP(F2,Apuração!A:A,Apuração!B:B)*(BO2 + (1/_xlfn.XLOOKUP(F2,Apuração!A:A,Apuração!B:B)) - BK2)) -> 1.85 | BR2: =IF(BQ2=0,0,BQ2*Z2) -> 3.7 | BS2: =IFERROR((_xlfn.XLOOKUP(F2,Apuração!A:A,Apuração!C:C)+1)/_xlfn.XLOOKUP(F2,Apuração!A:A,Apuração!B:B),0) -> 0.5
A3: POPULAÇÃO | B3: Aumenta efetividade de ações técnicas | C3: AL | D3: LESTE | E3: {=_xlfn.IFS( F3 = "A partir de Abril", "Aguardando Execução na Distribuidora", A3 = "CAPACITAÇÃO", "Em execução no Corporativo", TRUE, "Em Execução na Distribuidora" )} -> Em Execução na Distribuidora | F3: {=_xlfn.IFS( AG3 <> "", "Jan-Dez/26", AH3 <> "", "Fev-Dez/26", AI3 <> "", "Mar-Dez/26", AJ3 <> "", "Abr-Dez/26", TRUE, "A partir de Junho" )} -> Fev-Dez/26 | G3: Iniciada | H3: P1 | I3: (N° de soluções implementadas/n° soluções programadas)*100 | J3: {=_xlfn.LET( _xlpm.actual_value_month, INDEX(T3:AE3, MATCH(DATE(YEAR(TODAY()), MONTH(TODAY()), 1), $T$1:$AE$1, 0)), IF(_xlpm.actual_value_month <> "",_xlpm.actual_value_month & " soluções mensais", "") )} -> 1 soluções mensais | K3: {=_xlfn.LET( _xlpm.sum_month, SUM(T3:AE3), IF(_xlpm.sum_month = 0, "", _xlpm.sum_month & " soluções implementadas no ano") )} -> 10 soluções implementadas no ano | L3: Quantidade de soluções implementadas​ | M3: 01 solução implementada por regional por distribuidora | N3: Indicador | O3: Percentual | P3: - | Q3: - | R3: Índice de Compromisso com a Cultura de Segurança (ICCS) | S3: Indicadores de impacto e compromisso em segurança | U3: 1 | W3: 1 | X3: 1 | Y3: 1 | Z3: 1 | AA3: 1 | AB3: 1 | AC3: 1 | AD3: 1 | AE3: 1 | AH3: 1 | AJ3: 0 | AS3: =IF(MONTH(TODAY())=3,SUM(T3:U3),IF(MONTH(TODAY())=4,SUM(T3:V3),IF(MONTH(TODAY())=5,SUM(T3:W3),IF(MONTH(TODAY())=6,SUM(T3:X3),IF(MONTH(TODAY())=7,SUM(T3:Y3),IF(MONTH(TODAY())=8,SUM(T3:Z3),IF(MONTH(TODAY())=9,SUM(T3:AA3),IF(MONTH(TODAY())=10,SUM(T3:AB3),IF(MONTH(TODAY())=11,SUM(T3:AC3),IF(MONTH(TODAY())=12,SUM(T3:AD3),IF(MONTH(TODAY())=1,SUM(T3:AE3),T3))))))))))) -> 3 | AT3: =SUM(IF(AW3<1.15,AG3,1.15*T3),IF(AX3<1.15,AH3,1.15*U3),IF(AY3<1.15,AI3,1.15*V3),IF(AZ3<1.15,AJ3,1.15*W3),IF(BA3<1.15,AK3,1.15*X3),IF(BB3<1.15,AL3,1.15*Y3),IF(BC3<1.15,AM3,1.15*Z3),IF(BD3<1.15,AN3,1.15*AA3),IF(BE3<1.15,AO3,1.15*AB3),IF(BF3<1.15,AP3,1.15*AC3),IF(BG3<1.15,AQ3,1.15*AD3),IF(BH3<1.15,AR3,1.15*AE3)) -> 1 | AU3: =SUM(AG3:AR3) -> 1 | AW3: =IFERROR(IF(AG3="",0,AG3/T3),0) -> 0 | AX3: =IFERROR(IF(AH3="",0,AH3/U3),0) -> 1 | AY3: =IFERROR(IF(AI3="",0,AI3/V3),0) -> 0 | AZ3: =IFERROR(IF(AJ3="",0,AJ3/W3),0) -> 0 | BI3: {=IFERROR(INDEX(AW3:BH3,1,MATCH(2,1/(AW3:BH3<>""))),"")} -> 0 | BJ3: {=IF(BM3 = "", "",IFERROR(INDEX(AW3:BH3,1,MATCH(2,1/(AW3:BH3<>""),1)-1),""))} -> 0 | BK3: =IF((IF(AW3>=115%,115%,AW3) + IF(AX3>=115%,115%,AX3) + IF(AY3>=115%,115%,AY3) + (IF(AZ3>=115%,115%,AZ3) + IF(BA3>=115%,115%,BA3) + IF(BB3>=115%,115%,BB3) + IF(BC3>=115%,115%,BC3) + IF(BD3>=115%,115%,BD3) + IF(BE3>=115%,115%,BE3) + IF(BF3>=115%,115%,BF3) + IF(BG3>=115%,115%,BG3) + IF(BH3>=115%,115%,BH3)))/_xlfn.XLOOKUP(F3,Apuração!A:A,Apuração!B:B)>=1.15,1.15,((IF(AZ3>=115%,115%,AZ3) + IF(AX3>=115%,115%,AX3) + IF(AY3>=115%,115%,AY3) + (IF(AW3>=115%,115%,AW3) + IF(BA3>=115%,115%,BA3) + IF(BB3>=115%,115%,BB3) + IF(BC3>=115%,115%,BC3) + IF(BD3>=115%,115%,BD3) + IF(BE3>=115%,115%,BE3) + IF(BF3>=115%,115%,BF3) + IF(BG3>=115%,115%,BG3) + IF(BH3>=115%,115%,BH3)))/_xlfn.XLOOKUP(F3,Apuração!A:A,Apuração!B:B))) -> 0.090909091 | BL3: {=IF(SUM(IFERROR(IF(INDEX(AW3:INDEX(AW3:BH3, MATCH(2, 1/(AW3:BH3<>""), 1)-1), ROW(INDIRECT("1:" & MATCH(2, 1/(AW3:BH3<>""), 1)-1))) >= 115%, 115%, INDEX(AW3:INDEX(AW3:BH3, MATCH(2, 1/(AW3:BH3<>""), 1)-1), ROW(INDIRECT("1:" & MATCH(2, 1/(AW3:BH3<>""), 1)-1)))), 0))/_xlfn.XLOOKUP(F3,Apuração!A:A,Apuração!B:B)>=1.15,1.15,SUM(IFERROR(IF(INDEX(AW3:INDEX(AW3:BH3, MATCH(2, 1/(AW3:BH3<>""), 1)-1), ROW(INDIRECT("1:" & MATCH(2, 1/(AW3:BH3<>""), 1)-1))) >= 115%, 115%, INDEX(AW3:INDEX(AW3:BH3, MATCH(2, 1/(AW3:BH3<>""), 1)-1), ROW(INDIRECT("1:" & MATCH(2, 1/(AW3:BH3<>""), 1)-1)))), 0))/_xlfn.XLOOKUP(F3,Apuração!A:A,Apuração!B:B))} -> 0.090909091 | BM3: {=IFERROR( INDEX($AW$1:$BH$1, _xlfn.AGGREGATE(14, 6, COLUMN($AW$1:$BH$1)/(AW3:BH3<>""), 2) - COLUMN($AW$1) + 1 ), "")} -> 46082 | BN3: {=IFERROR(INDEX($AW$1:$BH$1,1,MATCH(2,1/(AW3:BH3<>""))),"")} -> 46113 | BO3: =IFERROR(_xlfn.XLOOKUP(F3,Apuração!A:A,Apuração!C:C)/_xlfn.XLOOKUP(F3,Apuração!A:A,Apuração!B:B),0) -> 0.36363636 | BP3: =IFERROR(_xlfn.XLOOKUP(F3,Apuração!A:A,Apuração!D:D)/_xlfn.XLOOKUP(F3,Apuração!A:A,Apuração!B:B),0) -> 0.27272727 | BQ3: =IF(BK3>=BO3,0,_xlfn.XLOOKUP(F3,Apuração!A:A,Apuração!B:B)*(BO3 + (1/_xlfn.XLOOKUP(F3,Apuração!A:A,Apuração!B:B)) - BK3)) -> 4 | BR3: =IF(BQ3=0,0,BQ3*Z3) -> 4 | BS3: =IFERROR((_xlfn.XLOOKUP(F3,Apuração!A:A,Apuração!C:C)+1)/_xlfn.XLOOKUP(F3,Apuração!A:A,Apuração!B:B),0) -> 0.45454545
A4: POPULAÇÃO | B4: Aumenta efetividade de ações técnicas | C4: AL | D4: OESTE | E4: {=_xlfn.IFS( F4 = "A partir de Abril", "Aguardando Execução na Distribuidora", A4 = "CAPACITAÇÃO", "Em execução no Corporativo", TRUE, "Em Execução na Distribuidora" )} -> Em Execução na Distribuidora | F4: {=_xlfn.IFS( AG4 <> "", "Jan-Dez/26", AH4 <> "", "Fev-Dez/26", AI4 <> "", "Mar-Dez/26", AJ4 <> "", "Abr-Dez/26", TRUE, "A partir de Junho" )} -> Jan-Dez/26 | G4: Iniciada | H4: P1 | I4: (N° de soluções implementadas/n° soluções programadas)*100 | J4: {=_xlfn.LET( _xlpm.actual_value_month, INDEX(T4:AE4, MATCH(DATE(YEAR(TODAY()), MONTH(TODAY()), 1), $T$1:$AE$1, 0)), IF(_xlpm.actual_value_month <> "",_xlpm.actual_value_month & " soluções mensais", "") )} -> 1 soluções mensais | K4: {=_xlfn.LET( _xlpm.sum_month, SUM(T4:AE4), IF(_xlpm.sum_month = 0, "", _xlpm.sum_month & " soluções implementadas no ano") )} -> 23 soluções implementadas no ano | L4: Quantidade de soluções implementadas​ | M4: 01 solução implementada por regional por distribuidora | N4: Indicador | O4: Percentual | P4: - | Q4: - | R4: Índice de Compromisso com a Cultura de Segurança (ICCS) | S4: Indicadores de impacto e compromisso em segurança | T4: 5 | U4: 4 | V4: 5 | W4: 1 | X4: 1 | Y4: 1 | Z4: 1 | AA4: 1 | AB4: 1 | AC4: 1 | AD4: 1 | AE4: 1 | AG4: 5 | AH4: 4 | AI4: 5 | AJ4: 3 | AS4: =IF(MONTH(TODAY())=3,SUM(T4:U4),IF(MONTH(TODAY())=4,SUM(T4:V4),IF(MONTH(TODAY())=5,SUM(T4:W4),IF(MONTH(TODAY())=6,SUM(T4:X4),IF(MONTH(TODAY())=7,SUM(T4:Y4),IF(MONTH(TODAY())=8,SUM(T4:Z4),IF(MONTH(TODAY())=9,SUM(T4:AA4),IF(MONTH(TODAY())=10,SUM(T4:AB4),IF(MONTH(TODAY())=11,SUM(T4:AC4),IF(MONTH(TODAY())=12,SUM(T4:AD4),IF(MONTH(TODAY())=1,SUM(T4:AE4),T4))))))))))) -> 16 | AT4: =SUM(IF(AW4<1.15,AG4,1.15*T4),IF(AX4<1.15,AH4,1.15*U4),IF(AY4<1.15,AI4,1.15*V4),IF(AZ4<1.15,AJ4,1.15*W4),IF(BA4<1.15,AK4,1.15*X4),IF(BB4<1.15,AL4,1.15*Y4),IF(BC4<1.15,AM4,1.15*Z4),IF(BD4<1.15,AN4,1.15*AA4),IF(BE4<1.15,AO4,1.15*AB4),IF(BF4<1.15,AP4,1.15*AC4),IF(BG4<1.15,AQ4,1.15*AD4),IF(BH4<1.15,AR4,1.15*AE4)) -> 15.15 | AU4: =SUM(AG4:AR4) -> 17 | AW4: =IFERROR(IF(AG4="",0,AG4/T4),0) -> 1 | AX4: =IFERROR(IF(AH4="",0,AH4/U4),0) -> 1 | AY4: =IFERROR(IF(AI4="",0,AI4/V4),0) -> 1 | AZ4: =IFERROR(IF(AJ4="",0,AJ4/W4),0) -> 3 | BI4: {=IFERROR(INDEX(AW4:BH4,1,MATCH(2,1/(AW4:BH4<>""))),"")} -> 3 | BJ4: {=IF(BM4 = "", "",IFERROR(INDEX(AW4:BH4,1,MATCH(2,1/(AW4:BH4<>""),1)-1),""))} -> 1 | BK4: =IF((IF(AW4>=115%,115%,AW4) + IF(AX4>=115%,115%,AX4) + IF(AY4>=115%,115%,AY4) + (IF(AZ4>=115%,115%,AZ4) + IF(BA4>=115%,115%,BA4) + IF(BB4>=115%,115%,BB4) + IF(BC4>=115%,115%,BC4) + IF(BD4>=115%,115%,BD4) + IF(BE4>=115%,115%,BE4) + IF(BF4>=115%,115%,BF4) + IF(BG4>=115%,115%,BG4) + IF(BH4>=115%,115%,BH4)))/_xlfn.XLOOKUP(F4,Apuração!A:A,Apuração!B:B)>=1.15,1.15,((IF(AZ4>=115%,115%,AZ4) + IF(AX4>=115%,115%,AX4) + IF(AY4>=115%,115%,AY4) + (IF(AW4>=115%,115%,AW4) + IF(BA4>=115%,115%,BA4) + IF(BB4>=115%,115%,BB4) + IF(BC4>=115%,115%,BC4) + IF(BD4>=115%,115%,BD4) + IF(BE4>=115%,115%,BE4) + IF(BF4>=115%,115%,BF4) + IF(BG4>=115%,115%,BG4) + IF(BH4>=115%,115%,BH4)))/_xlfn.XLOOKUP(F4,Apuração!A:A,Apuração!B:B))) -> 0.34583333 | BL4: {=IF(SUM(IFERROR(IF(INDEX(AW4:INDEX(AW4:BH4, MATCH(2, 1/(AW4:BH4<>""), 1)-1), ROW(INDIRECT("1:" & MATCH(2, 1/(AW4:BH4<>""), 1)-1))) >= 115%, 115%, INDEX(AW4:INDEX(AW4:BH4, MATCH(2, 1/(AW4:BH4<>""), 1)-1), ROW(INDIRECT("1:" & MATCH(2, 1/(AW4:BH4<>""), 1)-1)))), 0))/_xlfn.XLOOKUP(F4,Apuração!A:A,Apuração!B:B)>=1.15,1.15,SUM(IFERROR(IF(INDEX(AW4:INDEX(AW4:BH4, MATCH(2, 1/(AW4:BH4<>""), 1)-1), ROW(INDIRECT("1:" & MATCH(2, 1/(AW4:BH4<>""), 1)-1))) >= 115%, 115%, INDEX(AW4:INDEX(AW4:BH4, MATCH(2, 1/(AW4:BH4<>""), 1)-1), ROW(INDIRECT("1:" & MATCH(2, 1/(AW4:BH4<>""), 1)-1)))), 0))/_xlfn.XLOOKUP(F4,Apuração!A:A,Apuração!B:B))} -> 0.25 | BM4: {=IFERROR( INDEX($AW$1:$BH$1, _xlfn.AGGREGATE(14, 6, COLUMN($AW$1:$BH$1)/(AW4:BH4<>""), 2) - COLUMN($AW$1) + 1 ), "")} -> 46082 | BN4: {=IFERROR(INDEX($AW$1:$BH$1,1,MATCH(2,1/(AW4:BH4<>""))),"")} -> 46113 | BO4: =IFERROR(_xlfn.XLOOKUP(F4,Apuração!A:A,Apuração!C:C)/_xlfn.XLOOKUP(F4,Apuração!A:A,Apuração!B:B),0) -> 0.41666667 | BP4: =IFERROR(_xlfn.XLOOKUP(F4,Apuração!A:A,Apuração!D:D)/_xlfn.XLOOKUP(F4,Apuração!A:A,Apuração!B:B),0) -> 0.33333333 | BQ4: =IF(BK4>=BO4,0,_xlfn.XLOOKUP(F4,Apuração!A:A,Apuração!B:B)*(BO4 + (1/_xlfn.XLOOKUP(F4,Apuração!A:A,Apuração!B:B)) - BK4)) -> 1.85 | BR4: =IF(BQ4=0,0,BQ4*Z4) -> 1.85 | BS4: =IFERROR((_xlfn.XLOOKUP(F4,Apuração!A:A,Apuração!C:C)+1)/_xlfn.XLOOKUP(F4,Apuração!A:A,Apuração!B:B),0) -> 0.5
A5: POPULAÇÃO | B5: Aumenta efetividade de ações técnicas | C5: AL | D5: TODAS | E5: {=_xlfn.IFS( F5 = "A partir de Abril", "Aguardando Execução na Distribuidora", A5 = "CAPACITAÇÃO", "Em execução no Corporativo", TRUE, "Em Execução na Distribuidora" )} -> Em Execução na Distribuidora | F5: {=_xlfn.IFS( AG5 <> "", "Jan-Dez/26", AH5 <> "", "Fev-Dez/26", AI5 <> "", "Mar-Dez/26", AJ5 <> "", "Abr-Dez/26", TRUE, "A partir de Junho" )} -> Jan-Dez/26 | G5: Iniciada | H5: P1 | I5: Quantidade de soluções implementadas | J5: {=_xlfn.LET( _xlpm.actual_value_month, INDEX(T5:AE5, MATCH(DATE(YEAR(TODAY()), MONTH(TODAY()), 1), $T$1:$AE$1, 0)), IF(_xlpm.actual_value_month <> "",_xlpm.actual_value_month & " ações mensais", "") )} | K5: {=_xlfn.LET( _xlpm.sum_month, SUM(T5:AE5), IF(_xlpm.sum_month = 0, "", _xlpm.sum_month & " soluções implementadas no ano") )} | L5: Quantidade de Soluções compartilhadas e implementadas | N5: Item de controle | O5: Número absoluto | P5: - | Q5: - | R5: - | S5: - | AG5: 5 | AH5: 4 | AI5: 5 | AJ5: 3 | AS5: =IF(MONTH(TODAY())=3,SUM(T5:U5),IF(MONTH(TODAY())=4,SUM(T5:V5),IF(MONTH(TODAY())=5,SUM(T5:W5),IF(MONTH(TODAY())=6,SUM(T5:X5),IF(MONTH(TODAY())=7,SUM(T5:Y5),IF(MONTH(TODAY())=8,SUM(T5:Z5),IF(MONTH(TODAY())=9,SUM(T5:AA5),IF(MONTH(TODAY())=10,SUM(T5:AB5),IF(MONTH(TODAY())=11,SUM(T5:AC5),IF(MONTH(TODAY())=12,SUM(T5:AD5),IF(MONTH(TODAY())=1,SUM(T5:AE5),T5))))))))))) -> 0 | AT5: =SUM(AG5:AR5) -> 17 | AU5: =SUM(AG5:AR5) -> 17 | AW5: =AG5 -> 5 | AX5: =AH5 -> 4 | AY5: =AI5 -> 5 | AZ5: =AJ5 -> 3 | BI5: {=IFERROR(INDEX(AW5:BH5,1,MATCH(2,1/(AW5:BH5<>""))),"")} -> 3 | BJ5: {=IF(BM5 = "", "",IFERROR(INDEX(AW5:BH5,1,MATCH(2,1/(AW5:BH5<>""),1)-1),""))} -> 5 | BK5: =SUM(AW5:BH5) -> 17 | BL5: {=IFERROR(SUM(AW5:INDEX(AW5:BH5, MATCH(2, 1/(AW5:BH5<>""), 1) - 1))/_xlfn.XLOOKUP(F5,Apuração!A:A,Apuração!B:B),0)} -> 1.1666667 | BM5: {=IFERROR( INDEX($AW$1:$BH$1, _xlfn.AGGREGATE(14, 6, COLUMN($AW$1:$BH$1)/(AW5:BH5<>""), 2) - COLUMN($AW$1) + 1 ), "")} -> 46082 | BN5: {=IFERROR(INDEX($AW$1:$BH$1,1,MATCH(2,1/(AW5:BH5<>""))),"")} -> 46113 | BO5: =IFERROR(_xlfn.XLOOKUP(F5,Apuração!A:A,Apuração!C:C)/_xlfn.XLOOKUP(F5,Apuração!A:A,Apuração!B:B),0) -> 0.41666667 | BP5: =IFERROR(_xlfn.XLOOKUP(F5,Apuração!A:A,Apuração!D:D)/_xlfn.XLOOKUP(F5,Apuração!A:A,Apuração!B:B),0) -> 0.33333333 | BQ5: =IF(BK5>=BO5,0,_xlfn.XLOOKUP(F5,Apuração!A:A,Apuração!B:B)*(BO5 + (1/_xlfn.XLOOKUP(F5,Apuração!A:A,Apuração!B:B)) - BK5)) -> 0 | BR5: =IF(BQ5=0,0,BQ5*Z5) -> 0 | BS5: =IFERROR((_xlfn.XLOOKUP(F5,Apuração!A:A,Apuração!C:C)+1)/_xlfn.XLOOKUP(F5,Apuração!A:A,Apuração!B:B),0) -> 0.5
A6: POPULAÇÃO | B6: Aumenta efetividade de ações técnicas | C6: AL | D6: LESTE | E6: {=_xlfn.IFS( F6 = "A partir de Abril", "Aguardando Execução na Distribuidora", A6 = "CAPACITAÇÃO", "Em execução no Corporativo", TRUE, "Em Execução na Distribuidora" )} -> Em Execução na Distribuidora | F6: {=_xlfn.IFS( AG6 <> "", "Jan-Dez/26", AH6 <> "", "Fev-Dez/26", AI6 <> "", "Mar-Dez/26", AJ6 <> "", "Abr-Dez/26", TRUE, "A partir de Junho" )} -> Jan-Dez/26 | G6: Iniciada | H6: P1 | I6: Quantidade de soluções implementadas | J6: {=_xlfn.LET( _xlpm.actual_value_month, INDEX(T6:AE6, MATCH(DATE(YEAR(TODAY()), MONTH(TODAY()), 1), $T$1:$AE$1, 0)), IF(_xlpm.actual_value_month <> "",_xlpm.actual_value_month & " ações mensais", "") )} | K6: {=_xlfn.LET( _xlpm.sum_month, SUM(T6:AE6), IF(_xlpm.sum_month = 0, "", _xlpm.sum_month & " soluções implementadas no ano") )} | L6: Quantidade de Soluções compartilhadas e implementadas | N6: Item de controle | O6: Número absoluto | P6: - | Q6: - | R6: - | S6: - | AG6: 0 | AH6: 0 | AI6: 0 | AJ6: 0 | AS6: =IF(MONTH(TODAY())=3,SUM(T6:U6),IF(MONTH(TODAY())=4,SUM(T6:V6),IF(MONTH(TODAY())=5,SUM(T6:W6),IF(MONTH(TODAY())=6,SUM(T6:X6),IF(MONTH(TODAY())=7,SUM(T6:Y6),IF(MONTH(TODAY())=8,SUM(T6:Z6),IF(MONTH(TODAY())=9,SUM(T6:AA6),IF(MONTH(TODAY())=10,SUM(T6:AB6),IF(MONTH(TODAY())=11,SUM(T6:AC6),IF(MONTH(TODAY())=12,SUM(T6:AD6),IF(MONTH(TODAY())=1,SUM(T6:AE6),T6))))))))))) -> 0 | AT6: =SUM(AG6:AR6) -> 0 | AU6: =SUM(AG6:AR6) -> 0 | AW6: =AG6 -> 0 | AX6: =AH6 -> 0 | AY6: =AI6 -> 0 | AZ6: =AJ6 -> 0 | BI6: {=IFERROR(INDEX(AW6:BH6,1,MATCH(2,1/(AW6:BH6<>""))),"")} -> 0 | BJ6: {=IF(BM6 = "", "",IFERROR(INDEX(AW6:BH6,1,MATCH(2,1/(AW6:BH6<>""),1)-1),""))} -> 0 | BK6: =SUM(AW6:BH6) -> 0 | BL6: {=IFERROR(SUM(AW6:INDEX(AW6:BH6, MATCH(2, 1/(AW6:BH6<>""), 1) - 1))/_xlfn.XLOOKUP(F6,Apuração!A:A,Apuração!B:B),0)} -> 0 | BM6: {=IFERROR( INDEX($AW$1:$BH$1, _xlfn.AGGREGATE(14, 6, COLUMN($AW$1:$BH$1)/(AW6:BH6<>""), 2) - COLUMN($AW$1) + 1 ), "")} -> 46082 | BN6: {=IFERROR(INDEX($AW$1:$BH$1,1,MATCH(2,1/(AW6:BH6<>""))),"")} -> 46113 | BO6: =IFERROR(_xlfn.XLOOKUP(F6,Apuração!A:A,Apuração!C:C)/_xlfn.XLOOKUP(F6,Apuração!A:A,Apuração!B:B),0) -> 0.41666667 | BP6: =IFERROR(_xlfn.XLOOKUP(F6,Apuração!A:A,Apuração!D:D)/_xlfn.XLOOKUP(F6,Apuração!A:A,Apuração!B:B),0) -> 0.33333333 | BQ6: =IF(BK6>=BO6,0,_xlfn.XLOOKUP(F6,Apuração!A:A,Apuração!B:B)*(BO6 + (1/_xlfn.XLOOKUP(F6,Apuração!A:A,Apuração!B:B)) - BK6)) -> 6 | BR6: =IF(BQ6=0,0,BQ6*Z6) -> 0 | BS6: =IFERROR((_xlfn.XLOOKUP(F6,Apuração!A:A,Apuração!C:C)+1)/_xlfn.XLOOKUP(F6,Apuração!A:A,Apuração!B:B),0) -> 0.5
A7: POPULAÇÃO | B7: Aumenta efetividade de ações técnicas | C7: AL | D7: OESTE | E7: {=_xlfn.IFS( F7 = "A partir de Abril", "Aguardando Execução na Distribuidora", A7 = "CAPACITAÇÃO", "Em execução no Corporativo", TRUE, "Em Execução na Distribuidora" )} -> Em Execução na Distribuidora | F7: {=_xlfn.IFS( AG7 <> "", "Jan-Dez/26", AH7 <> "", "Fev-Dez/26", AI7 <> "", "Mar-Dez/26", AJ7 <> "", "Abr-Dez/26", TRUE, "A partir de Junho" )} -> Jan-Dez/26 | G7: Iniciada | H7: P1 | I7: Quantidade de soluções implementadas | J7: {=_xlfn.LET( _xlpm.actual_value_month, INDEX(T7:AE7, MATCH(DATE(YEAR(TODAY()), MONTH(TODAY()), 1), $T$1:$AE$1, 0)), IF(_xlpm.actual_value_month <> "",_xlpm.actual_value_month & " ações mensais", "") )} | K7: {=_xlfn.LET( _xlpm.sum_month, SUM(T7:AE7), IF(_xlpm.sum_month = 0, "", _xlpm.sum_month & " soluções implementadas no ano") )} | L7: Quantidade de Soluções compartilhadas e implementadas | N7: Item de controle | O7: Número absoluto | P7: - | Q7: - | R7: - | S7: - | AG7: 5 | AH7: 4 | AI7: 5 | AJ7: 3 | AS7: =IF(MONTH(TODAY())=3,SUM(T7:U7),IF(MONTH(TODAY())=4,SUM(T7:V7),IF(MONTH(TODAY())=5,SUM(T7:W7),IF(MONTH(TODAY())=6,SUM(T7:X7),IF(MONTH(TODAY())=7,SUM(T7:Y7),IF(MONTH(TODAY())=8,SUM(T7:Z7),IF(MONTH(TODAY())=9,SUM(T7:AA7),IF(MONTH(TODAY())=10,SUM(T7:AB7),IF(MONTH(TODAY())=11,SUM(T7:AC7),IF(MONTH(TODAY())=12,SUM(T7:AD7),IF(MONTH(TODAY())=1,SUM(T7:AE7),T7))))))))))) -> 0 | AT7: =SUM(AG7:AR7) -> 17 | AU7: =SUM(AG7:AR7) -> 17 | AW7: =AG7 -> 5 | AX7: =AH7 -> 4 | AY7: =AI7 -> 5 | AZ7: =AJ7 -> 3 | BI7: {=IFERROR(INDEX(AW7:BH7,1,MATCH(2,1/(AW7:BH7<>""))),"")} -> 3 | BJ7: {=IF(BM7 = "", "",IFERROR(INDEX(AW7:BH7,1,MATCH(2,1/(AW7:BH7<>""),1)-1),""))} -> 5 | BK7: =SUM(AW7:BH7) -> 17 | BL7: {=IFERROR(SUM(AW7:INDEX(AW7:BH7, MATCH(2, 1/(AW7:BH7<>""), 1) - 1))/_xlfn.XLOOKUP(F7,Apuração!A:A,Apuração!B:B),0)} -> 1.1666667 | BM7: {=IFERROR( INDEX($AW$1:$BH$1, _xlfn.AGGREGATE(14, 6, COLUMN($AW$1:$BH$1)/(AW7:BH7<>""), 2) - COLUMN($AW$1) + 1 ), "")} -> 46082 | BN7: {=IFERROR(INDEX($AW$1:$BH$1,1,MATCH(2,1/(AW7:BH7<>""))),"")} -> 46113 | BO7: =IFERROR(_xlfn.XLOOKUP(F7,Apuração!A:A,Apuração!C:C)/_xlfn.XLOOKUP(F7,Apuração!A:A,Apuração!B:B),0) -> 0.41666667 | BP7: =IFERROR(_xlfn.XLOOKUP(F7,Apuração!A:A,Apuração!D:D)/_xlfn.XLOOKUP(F7,Apuração!A:A,Apuração!B:B),0) -> 0.33333333 | BQ7: =IF(BK7>=BO7,0,_xlfn.XLOOKUP(F7,Apuração!A:A,Apuração!B:B)*(BO7 + (1/_xlfn.XLOOKUP(F7,Apuração!A:A,Apuração!B:B)) - BK7)) -> 0 | BR7: =IF(BQ7=0,0,BQ7*Z7) -> 0 | BS7: =IFERROR((_xlfn.XLOOKUP(F7,Apuração!A:A,Apuração!C:C)+1)/_xlfn.XLOOKUP(F7,Apuração!A:A,Apuração!B:B),0) -> 0.5
A8: POPULAÇÃO | B8: E+ Segurança : parceiros estratégicos | C8: AL | D8: TODAS | E8: {=_xlfn.IFS( F8 = "A partir de Abril", "Aguardando Execução na Distribuidora", A8 = "CAPACITAÇÃO", "Em execução no Corporativo", TRUE, "Em Execução na Distribuidora" )} -> Em Execução na Distribuidora | F8: {=_xlfn.IFS( AG8 <> "", "Jan-Dez/26", AH8 <> "", "Fev-Dez/26", AI8 <> "", "Mar-Dez/26", AJ8 <> "", "Abr-Dez/26", TRUE, "A partir de Junho" )} -> Jan-Dez/26 | G8: Iniciada | H8: P3 | I8: (N° de ações planejadas/N° de ações realizadas)*100 | J8: {=_xlfn.LET( _xlpm.actual_value_month, INDEX(T8:AE8, MATCH(DATE(YEAR(TODAY()), MONTH(TODAY()), 1), $T$1:$AE$1, 0)), IF(_xlpm.actual_value_month <> "",_xlpm.actual_value_month & " eventos mensais", "") )} -> 1 eventos mensais | K8: {=_xlfn.LET( _xlpm.sum_month, SUM(T8:AE8), IF(_xlpm.sum_month = 0, "", _xlpm.sum_month & " eventos no ano") )} -> 24 eventos no ano | L8: Quantidade de eventos realizados​ | M8: 01 evento com empresas parceiras | N8: Indicador | O8: Percentual | P8: Seg Comunidade | Q8: - | R8: Índice de Compromisso com a Cultura de Segurança (ICCS) | S8: Indicadores de impacto e compromisso em segurança | T8: 7 | U8: 1 | V8: 7 | W8: 1 | X8: 1 | Y8: 1 | Z8: 1 | AA8: 1 | AB8: 1 | AC8: 1 | AD8: 1 | AE8: 1 | AG8: 7 | AH8: 1 | AI8: 7 | AJ8: 3 | AS8: =IF(MONTH(TODAY())=3,SUM(T8:U8),IF(MONTH(TODAY())=4,SUM(T8:V8),IF(MONTH(TODAY())=5,SUM(T8:W8),IF(MONTH(TODAY())=6,SUM(T8:X8),IF(MONTH(TODAY())=7,SUM(T8:Y8),IF(MONTH(TODAY())=8,SUM(T8:Z8),IF(MONTH(TODAY())=9,SUM(T8:AA8),IF(MONTH(TODAY())=10,SUM(T8:AB8),IF(MONTH(TODAY())=11,SUM(T8:AC8),IF(MONTH(TODAY())=12,SUM(T8:AD8),IF(MONTH(TODAY())=1,SUM(T8:AE8),T8))))))))))) -> 17 | AT8: =SUM(IF(AW8<1.15,AG8,1.15*T8),IF(AX8<1.15,AH8,1.15*U8),IF(AY8<1.15,AI8,1.15*V8),IF(AZ8<1.15,AJ8,1.15*W8),IF(BA8<1.15,AK8,1.15*X8),IF(BB8<1.15,AL8,1.15*Y8),IF(BC8<1.15,AM8,1.15*Z8),IF(BD8<1.15,AN8,1.15*AA8),IF(BE8<1.15,AO8,1.15*AB8),IF(BF8<1.15,AP8,1.15*AC8),IF(BG8<1.15,AQ8,1.15*AD8),IF(BH8<1.15,AR8,1.15*AE8)) -> 16.15 | AU8: =SUM(AG8:AR8) -> 18 | AW8: =IFERROR(IF(AG8="",0,AG8/T8),0) -> 1 | AX8: =IFERROR(IF(AH8="",0,AH8/U8),0) -> 1 | AY8: =IFERROR(IF(AI8="",0,AI8/V8),0) -> 1 | AZ8: =IFERROR(IF(AJ8="",0,AJ8/W8),0) -> 3 | BI8: {=IFERROR(INDEX(AW8:BH8,1,MATCH(2,1/(AW8:BH8<>""))),"")} -> 3 | BJ8: {=IF(BM8 = "", "",IFERROR(INDEX(AW8:BH8,1,MATCH(2,1/(AW8:BH8<>""),1)-1),""))} -> 1 | BK8: =IF((IF(AW8>=115%,115%,AW8) + IF(AX8>=115%,115%,AX8) + IF(AY8>=115%,115%,AY8) + (IF(AZ8>=115%,115%,AZ8) + IF(BA8>=115%,115%,BA8) + IF(BB8>=115%,115%,BB8) + IF(BC8>=115%,115%,BC8) + IF(BD8>=115%,115%,BD8) + IF(BE8>=115%,115%,BE8) + IF(BF8>=136%,136%,BF8) + IF(BG8>=115%,115%,BG8) + IF(BH8>=115%,115%,BH8)))/_xlfn.XLOOKUP(F8,Apuração!A:A,Apuração!B:B)>=1.15,1.15,((IF(AZ8>=115%,115%,AZ8) + IF(AX8>=115%,115%,AX8) + IF(AY8>=115%,115%,AY8) + (IF(AW8>=115%,115%,AW8) + IF(BA8>=115%,115%,BA8) + IF(BB8>=115%,115%,BB8) + IF(BC8>=115%,115%,BC8) + IF(BD8>=115%,115%,BD8) + IF(BE8>=115%,115%,BE8) + IF(BF8>=136%,136%,BF8) + IF(BG8>=115%,115%,BG8) + IF(BH8>=115%,115%,BH8)))/_xlfn.XLOOKUP(F8,Apuração!A:A,Apuração!B:B))) -> 0.34583333 | BL8: {=IF(SUM(IFERROR(IF(INDEX(AW8:INDEX(AW8:BH8, MATCH(2, 1/(AW8:BH8<>""), 1)-1), ROW(INDIRECT("1:" & MATCH(2, 1/(AW8:BH8<>""), 1)-1))) >= 115%, 115%, INDEX(AW8:INDEX(AW8:BH8, MATCH(2, 1/(AW8:BH8<>""), 1)-1), ROW(INDIRECT("1:" & MATCH(2, 1/(AW8:BH8<>""), 1)-1)))), 0))/_xlfn.XLOOKUP(F8,Apuração!A:A,Apuração!B:B)>=1.15,1.15,SUM(IFERROR(IF(INDEX(AW8:INDEX(AW8:BH8, MATCH(2, 1/(AW8:BH8<>""), 1)-1), ROW(INDIRECT("1:" & MATCH(2, 1/(AW8:BH8<>""), 1)-1))) >= 115%, 115%, INDEX(AW8:INDEX(AW8:BH8, MATCH(2, 1/(AW8:BH8<>""), 1)-1), ROW(INDIRECT("1:" & MATCH(2, 1/(AW8:BH8<>""), 1)-1)))), 0))/_xlfn.XLOOKUP(F8,Apuração!A:A,Apuração!B:B))} -> 0.25 | BM8: {=IFERROR( INDEX($AW$1:$BH$1, _xlfn.AGGREGATE(14, 6, COLUMN($AW$1:$BH$1)/(AW8:BH8<>""), 2) - COLUMN($AW$1) + 1 ), "")} -> 46082 | BN8: {=IFERROR(INDEX($AW$1:$BH$1,1,MATCH(2,1/(AW8:BH8<>""))),"")} -> 46113 | BO8: =IFERROR(_xlfn.XLOOKUP(F8,Apuração!A:A,Apuração!C:C)/_xlfn.XLOOKUP(F8,Apuração!A:A,Apuração!B:B),0) -> 0.41666667 | BP8: =IFERROR(_xlfn.XLOOKUP(F8,Apuração!A:A,Apuração!D:D)/_xlfn.XLOOKUP(F8,Apuração!A:A,Apuração!B:B),0) -> 0.33333333 | BQ8: =IF(BK8>=BO8,0,_xlfn.XLOOKUP(F8,Apuração!A:A,Apuração!B:B)*(BO8 + (1/_xlfn.XLOOKUP(F8,Apuração!A:A,Apuração!B:B)) - BK8)) -> 1.85 | BR8: =IF(BQ8=0,0,BQ8*Z8) -> 1.85 | BS8: =IFERROR((_xlfn.XLOOKUP(F8,Apuração!A:A,Apuração!C:C)+1)/_xlfn.XLOOKUP(F8,Apuração!A:A,Apuração!B:B),0) -> 0.5
A9: POPULAÇÃO | B9: E+ Segurança : parceiros estratégicos | C9: AL | D9: LESTE | E9: {=_xlfn.IFS( F9 = "A partir de Abril", "Aguardando Execução na Distribuidora", A9 = "CAPACITAÇÃO", "Em execução no Corporativo", TRUE, "Em Execução na Distribuidora" )} -> Em Execução na Distribuidora | F9: {=_xlfn.IFS( AG9 <> "", "Jan-Dez/26", AH9 <> "", "Fev-Dez/26", AI9 <> "", "Mar-Dez/26", AJ9 <> "", "Abr-Dez/26", TRUE, "A partir de Junho" )} -> A partir de Junho | G9: Iniciada | H9: P3 | I9: (N° de ações planejadas/N° de ações realizadas)*100 | J9: {=_xlfn.LET( _xlpm.actual_value_month, INDEX(T9:AE9, MATCH(DATE(YEAR(TODAY()), MONTH(TODAY()), 1), $T$1:$AE$1, 0)), IF(_xlpm.actual_value_month <> "",_xlpm.actual_value_month & " eventos mensais", "") )} -> 1 eventos mensais | K9: {=_xlfn.LET( _xlpm.sum_month, SUM(T9:AE9), IF(_xlpm.sum_month = 0, "", _xlpm.sum_month & " eventos no ano") )} -> 9 eventos no ano | L9: Quantidade de eventos realizados​ | M9: 01 evento com empresas parceiras | N9: Indicador | O9: Percentual | P9: Seg Comunidade | Q9: - | R9: Índice de Compromisso com a Cultura de Segurança (ICCS) | S9: Indicadores de impacto e compromisso em segurança | W9: 1 | X9: 1 | Y9: 1 | Z9: 1 | AA9: 1 | AB9: 1 | AC9: 1 | AD9: 1 | AE9: 1 | AS9: =IF(MONTH(TODAY())=3,SUM(T9:U9),IF(MONTH(TODAY())=4,SUM(T9:V9),IF(MONTH(TODAY())=5,SUM(T9:W9),IF(MONTH(TODAY())=6,SUM(T9:X9),IF(MONTH(TODAY())=7,SUM(T9:Y9),IF(MONTH(TODAY())=8,SUM(T9:Z9),IF(MONTH(TODAY())=9,SUM(T9:AA9),IF(MONTH(TODAY())=10,SUM(T9:AB9),IF(MONTH(TODAY())=11,SUM(T9:AC9),IF(MONTH(TODAY())=12,SUM(T9:AD9),IF(MONTH(TODAY())=1,SUM(T9:AE9),T9))))))))))) -> 2 | AT9: =SUM(IF(AW9<1.15,AG9,1.15*T9),IF(AX9<1.15,AH9,1.15*U9),IF(AY9<1.15,AI9,1.15*V9),IF(AZ9<1.15,AJ9,1.15*W9),IF(BA9<1.15,AK9,1.15*X9),IF(BB9<1.15,AL9,1.15*Y9),IF(BC9<1.15,AM9,1.15*Z9),IF(BD9<1.15,AN9,1.15*AA9),IF(BE9<1.15,AO9,1.15*AB9),IF(BF9<1.15,AP9,1.15*AC9),IF(BG9<1.15,AQ9,1.15*AD9),IF(BH9<1.15,AR9,1.15*AE9)) -> 0 | AU9: =SUM(AG9:AR9) -> 0 | AW9: =IFERROR(IF(AG9="",0,AG9/T9),0) -> 0 | AX9: =IFERROR(IF(AH9="",0,AH9/U9),0) -> 0 | AY9: =IFERROR(IF(AI9="",0,AI9/V9),0) -> 0 | AZ9: =IFERROR(IF(AJ9="",0,AJ9/W9),0) -> 0 | BI9: {=IFERROR(INDEX(AW9:BH9,1,MATCH(2,1/(AW9:BH9<>""))),"")} -> 0 | BJ9: {=IF(BM9 = "", "",IFERROR(INDEX(AW9:BH9,1,MATCH(2,1/(AW9:BH9<>""),1)-1),""))} -> 0 | BK9: =IF((IF(AW9>=115%,115%,AW9) + IF(AX9>=115%,115%,AX9) + IF(AY9>=115%,115%,AY9) + (IF(AZ9>=115%,115%,AZ9) + IF(BA9>=115%,115%,BA9) + IF(BB9>=115%,115%,BB9) + IF(BC9>=115%,115%,BC9) + IF(BD9>=115%,115%,BD9) + IF(BE9>=115%,115%,BE9) + IF(BF9>=136%,136%,BF9) + IF(BG9>=115%,115%,BG9) + IF(BH9>=115%,115%,BH9)))/_xlfn.XLOOKUP(F9,Apuração!A:A,Apuração!B:B)>=1.15,1.15,((IF(AZ9>=115%,115%,AZ9) + IF(AX9>=115%,115%,AX9) + IF(AY9>=115%,115%,AY9) + (IF(AW9>=115%,115%,AW9) + IF(BA9>=115%,115%,BA9) + IF(BB9>=115%,115%,BB9) + IF(BC9>=115%,115%,BC9) + IF(BD9>=115%,115%,BD9) + IF(BE9>=115%,115%,BE9) + IF(BF9>=136%,136%,BF9) + IF(BG9>=115%,115%,BG9) + IF(BH9>=115%,115%,BH9)))/_xlfn.XLOOKUP(F9,Apuração!A:A,Apuração!B:B))) -> 0 | BL9: {=IF(SUM(IFERROR(IF(INDEX(AW9:INDEX(AW9:BH9, MATCH(2, 1/(AW9:BH9<>""), 1)-1), ROW(INDIRECT("1:" & MATCH(2, 1/(AW9:BH9<>""), 1)-1))) >= 115%, 115%, INDEX(AW9:INDEX(AW9:BH9, MATCH(2, 1/(AW9:BH9<>""), 1)-1), ROW(INDIRECT("1:" & MATCH(2, 1/(AW9:BH9<>""), 1)-1)))), 0))/_xlfn.XLOOKUP(F9,Apuração!A:A,Apuração!B:B)>=1.15,1.15,SUM(IFERROR(IF(INDEX(AW9:INDEX(AW9:BH9, MATCH(2, 1/(AW9:BH9<>""), 1)-1), ROW(INDIRECT("1:" & MATCH(2, 1/(AW9:BH9<>""), 1)-1))) >= 115%, 115%, INDEX(AW9:INDEX(AW9:BH9, MATCH(2, 1/(AW9:BH9<>""), 1)-1), ROW(INDIRECT("1:" & MATCH(2, 1/(AW9:BH9<>""), 1)-1)))), 0))/_xlfn.XLOOKUP(F9,Apuração!A:A,Apuração!B:B))} -> 0 | BM9: {=IFERROR( INDEX($AW$1:$BH$1, _xlfn.AGGREGATE(14, 6, COLUMN($AW$1:$BH$1)/(AW9:BH9<>""), 2) - COLUMN($AW$1) + 1 ), "")} -> 46082 | BN9: {=IFERROR(INDEX($AW$1:$BH$1,1,MATCH(2,1/(AW9:BH9<>""))),"")} -> 46113 | BO9: =IFERROR(_xlfn.XLOOKUP(F9,Apuração!A:A,Apuração!C:C)/_xlfn.XLOOKUP(F9,Apuração!A:A,Apuração!B:B),0) -> 0 | BP9: =IFERROR(_xlfn.XLOOKUP(F9,Apuração!A:A,Apuração!D:D)/_xlfn.XLOOKUP(F9,Apuração!A:A,Apuração!B:B),0) -> 0 | BQ9: =IF(BK9>=BO9,0,_xlfn.XLOOKUP(F9,Apuração!A:A,Apuração!B:B)*(BO9 + (1/_xlfn.XLOOKUP(F9,Apuração!A:A,Apuração!B:B)) - BK9)) -> 0 | BR9: =IF(BQ9=0,0,BQ9*Z9) -> 0 | BS9: =IFERROR((_xlfn.XLOOKUP(F9,Apuração!A:A,Apuração!C:C)+1)/_xlfn.XLOOKUP(F9,Apuração!A:A,Apuração!B:B),0) -> 0.14285714
A10: POPULAÇÃO | B10: E+ Segurança : parceiros estratégicos | C10: AL | D10: OESTE | E10: {=_xlfn.IFS( F10 = "A partir de Abril", "Aguardando Execução na Distribuidora", A10 = "CAPACITAÇÃO", "Em execução no Corporativo", TRUE, "Em Execução na Distribuidora" )} -> Em Execução na Distribuidora | F10: {=_xlfn.IFS( AG10 <> "", "Jan-Dez/26", AH10 <> "", "Fev-Dez/26", AI10 <> "", "Mar-Dez/26", AJ10 <> "", "Abr-Dez/26", TRUE, "A partir de Junho" )} -> Jan-Dez/26 | G10: Iniciada | H10: P3 | I10: (N° de ações planejadas/N° de ações realizadas)*100 | J10: {=_xlfn.LET( _xlpm.actual_value_month, INDEX(T10:AE10, MATCH(DATE(YEAR(TODAY()), MONTH(TODAY()), 1), $T$1:$AE$1, 0)), IF(_xlpm.actual_value_month <> "",_xlpm.actual_value_month & " eventos mensais", "") )} -> 1 eventos mensais | K10: {=_xlfn.LET( _xlpm.sum_month, SUM(T10:AE10), IF(_xlpm.sum_month = 0, "", _xlpm.sum_month & " eventos no ano") )} -> 24 eventos no ano | L10: Quantidade de eventos realizados​ | M10: 01 evento com empresas parceiras | N10: Indicador | O10: Percentual | P10: Seg Comunidade | Q10: - | R10: Índice de Compromisso com a Cultura de Segurança (ICCS) | S10: Indicadores de impacto e compromisso em segurança | T10: 7 | U10: 1 | V10: 7 | W10: 1 | X10: 1 | Y10: 1 | Z10: 1 | AA10: 1 | AB10: 1 | AC10: 1 | AD10: 1 | AE10: 1 | AG10: 7 | AH10: 1 | AI10: 7 | AJ10: 3 | AS10: =IF(MONTH(TODAY())=3,SUM(T10:U10),IF(MONTH(TODAY())=4,SUM(T10:V10),IF(MONTH(TODAY())=5,SUM(T10:W10),IF(MONTH(TODAY())=6,SUM(T10:X10),IF(MONTH(TODAY())=7,SUM(T10:Y10),IF(MONTH(TODAY())=8,SUM(T10:Z10),IF(MONTH(TODAY())=9,SUM(T10:AA10),IF(MONTH(TODAY())=10,SUM(T10:AB10),IF(MONTH(TODAY())=11,SUM(T10:AC10),IF(MONTH(TODAY())=12,SUM(T10:AD10),IF(MONTH(TODAY())=1,SUM(T10:AE10),T10))))))))))) -> 17 | AT10: =SUM(IF(AW10<1.15,AG10,1.15*T10),IF(AX10<1.15,AH10,1.15*U10),IF(AY10<1.15,AI10,1.15*V10),IF(AZ10<1.15,AJ10,1.15*W10),IF(BA10<1.15,AK10,1.15*X10),IF(BB10<1.15,AL10,1.15*Y10),IF(BC10<1.15,AM10,1.15*Z10),IF(BD10<1.15,AN10,1.15*AA10),IF(BE10<1.15,AO10,1.15*AB10),IF(BF10<1.15,AP10,1.15*AC10),IF(BG10<1.15,AQ10,1.15*AD10),IF(BH10<1.15,AR10,1.15*AE10)) -> 16.15 | AU10: =SUM(AG10:AR10) -> 18 | AW10: =IFERROR(IF(AG10="",0,AG10/T10),0) -> 1 | AX10: =IFERROR(IF(AH10="",0,AH10/U10),0) -> 1 | AY10: =IFERROR(IF(AI10="",0,AI10/V10),0) -> 1 | AZ10: =IFERROR(IF(AJ10="",0,AJ10/W10),0) -> 3 | BI10: {=IFERROR(INDEX(AW10:BH10,1,MATCH(2,1/(AW10:BH10<>""))),"")} -> 3 | BJ10: {=IF(BM10 = "", "",IFERROR(INDEX(AW10:BH10,1,MATCH(2,1/(AW10:BH10<>""),1)-1),""))} -> 1 | BK10: =IF((IF(AW10>=115%,115%,AW10) + IF(AX10>=115%,115%,AX10) + IF(AY10>=115%,115%,AY10) + (IF(AZ10>=115%,115%,AZ10) + IF(BA10>=115%,115%,BA10) + IF(BB10>=115%,115%,BB10) + IF(BC10>=115%,115%,BC10) + IF(BD10>=115%,115%,BD10) + IF(BE10>=115%,115%,BE10) + IF(BF10>=136%,136%,BF10) + IF(BG10>=115%,115%,BG10) + IF(BH10>=115%,115%,BH10)))/_xlfn.XLOOKUP(F10,Apuração!A:A,Apuração!B:B)>=1.15,1.15,((IF(AZ10>=115%,115%,AZ10) + IF(AX10>=115%,115%,AX10) + IF(AY10>=115%,115%,AY10) + (IF(AW10>=115%,115%,AW10) + IF(BA10>=115%,115%,BA10) + IF(BB10>=115%,115%,BB10) + IF(BC10>=115%,115%,BC10) + IF(BD10>=115%,115%,BD10) + IF(BE10>=115%,115%,BE10) + IF(BF10>=136%,136%,BF10) + IF(BG10>=115%,115%,BG10) + IF(BH10>=115%,115%,BH10)))/_xlfn.XLOOKUP(F10,Apuração!A:A,Apuração!B:B))) -> 0.34583333 | BL10: {=IF(SUM(IFERROR(IF(INDEX(AW10:INDEX(AW10:BH10, MATCH(2, 1/(AW10:BH10<>""), 1)-1), ROW(INDIRECT("1:" & MATCH(2, 1/(AW10:BH10<>""), 1)-1))) >= 115%, 115%, INDEX(AW10:INDEX(AW10:BH10, MATCH(2, 1/(AW10:BH10<>""), 1)-1), ROW(INDIRECT("1:" & MATCH(2, 1/(AW10:BH10<>""), 1)-1)))), 0))/_xlfn.XLOOKUP(F10,Apuração!A:A,Apuração!B:B)>=1.15,1.15,SUM(IFERROR(IF(INDEX(AW10:INDEX(AW10:BH10, MATCH(2, 1/(AW10:BH10<>""), 1)-1), ROW(INDIRECT("1:" & MATCH(2, 1/(AW10:BH10<>""), 1)-1))) >= 115%, 115%, INDEX(AW10:INDEX(AW10:BH10, MATCH(2, 1/(AW10:BH10<>""), 1)-1), ROW(INDIRECT("1:" & MATCH(2, 1/(AW10:BH10<>""), 1)-1)))), 0))/_xlfn.XLOOKUP(F10,Apuração!A:A,Apuração!B:B))} -> 0.25 | BM10: {=IFERROR( INDEX($AW$1:$BH$1, _xlfn.AGGREGATE(14, 6, COLUMN($AW$1:$BH$1)/(AW10:BH10<>""), 2) - COLUMN($AW$1) + 1 ), "")} -> 46082 | BN10: {=IFERROR(INDEX($AW$1:$BH$1,1,MATCH(2,1/(AW10:BH10<>""))),"")} -> 46113 | BO10: =IFERROR(_xlfn.XLOOKUP(F10,Apuração!A:A,Apuração!C:C)/_xlfn.XLOOKUP(F10,Apuração!A:A,Apuração!B:B),0) -> 0.41666667 | BP10: =IFERROR(_xlfn.XLOOKUP(F10,Apuração!A:A,Apuração!D:D)/_xlfn.XLOOKUP(F10,Apuração!A:A,Apuração!B:B),0) -> 0.33333333 | BQ10: =IF(BK10>=BO10,0,_xlfn.XLOOKUP(F10,Apuração!A:A,Apuração!B:B)*(BO10 + (1/_xlfn.XLOOKUP(F10,Apuração!A:A,Apuração!B:B)) - BK10)) -> 1.85 | BR10: =IF(BQ10=0,0,BQ10*Z10) -> 1.85 | BS10: =IFERROR((_xlfn.XLOOKUP(F10,Apuração!A:A,Apuração!C:C)+1)/_xlfn.XLOOKUP(F10,Apuração!A:A,Apuração!B:B),0) -> 0.5
A11: POPULAÇÃO | B11: E+ Segurança : parceiros estratégicos | C11: AL | D11: TODAS | E11: {=_xlfn.IFS( F11 = "A partir de Abril", "Aguardando Execução na Distribuidora", A11 = "CAPACITAÇÃO", "Em execução no Corporativo", TRUE, "Em Execução na Distribuidora" )} -> Em Execução na Distribuidora | F11: {=_xlfn.IFS( AG11 <> "", "Jan-Dez/26", AH11 <> "", "Fev-Dez/26", AI11 <> "", "Mar-Dez/26", AJ11 <> "", "Abr-Dez/26", TRUE, "A partir de Junho" )} -> Jan-Dez/26 | G11: Iniciada | H11: P3 | I11: Número de profissionais diretamente impactados | J11: {=_xlfn.LET( _xlpm.actual_value_month, INDEX(T11:AE11, MATCH(DATE(YEAR(TODAY()), MONTH(TODAY()), 1), $T$1:$AE$1, 0)), IF(_xlpm.actual_value_month <> "",_xlpm.actual_value_month & " ações mensais", "") )} | K11: {=_xlfn.LET( _xlpm.sum_month, SUM(T11:AE11), IF(_xlpm.sum_month = 0, "", _xlpm.sum_month & " pessoas impactadas no ano") )} | L11: Número de profissionais diretamente impactados | M11: 1 | N11: Item de controle | O11: Número absoluto | P11: - | Q11: - | R11: - | S11: - | AG11: 259 | AH11: 0 | AI11: 114 | AJ11: 57 | AS11: =IF(MONTH(TODAY())=3,SUM(T11:U11),IF(MONTH(TODAY())=4,SUM(T11:V11),IF(MONTH(TODAY())=5,SUM(T11:W11),IF(MONTH(TODAY())=6,SUM(T11:X11),IF(MONTH(TODAY())=7,SUM(T11:Y11),IF(MONTH(TODAY())=8,SUM(T11:Z11),IF(MONTH(TODAY())=9,SUM(T11:AA11),IF(MONTH(TODAY())=10,SUM(T11:AB11),IF(MONTH(TODAY())=11,SUM(T11:AC11),IF(MONTH(TODAY())=12,SUM(T11:AD11),IF(MONTH(TODAY())=1,SUM(T11:AE11),T11))))))))))) -> 0 | AT11: =SUM(AG11:AR11) -> 430 | AU11: =SUM(AG11:AR11) -> 430 | AW11: =AG11 -> 259 | AX11: =AH11 -> 0 | AY11: =AI11 -> 114 | AZ11: =AJ11 -> 57 | BI11: {=IFERROR(INDEX(AW11:BH11,1,MATCH(2,1/(AW11:BH11<>""))),"")} -> 57 | BJ11: {=IF(BM11 = "", "",IFERROR(INDEX(AW11:BH11,1,MATCH(2,1/(AW11:BH11<>""),1)-1),""))} -> 114 | BK11: =SUM(AW11:BH11) -> 430 | BL11: {=IFERROR(SUM(AW11:INDEX(AW11:BH11, MATCH(2, 1/(AW11:BH11<>""), 1) - 1))/_xlfn.XLOOKUP(F11,Apuração!A:A,Apuração!B:B),0)} -> 31.083333 | BM11: {=IFERROR( INDEX($AW$1:$BH$1, _xlfn.AGGREGATE(14, 6, COLUMN($AW$1:$BH$1)/(AW11:BH11<>""), 2) - COLUMN($AW$1) + 1 ), "")} -> 46082 | BN11: {=IFERROR(INDEX($AW$1:$BH$1,1,MATCH(2,1/(AW11:BH11<>""))),"")} -> 46113 | BO11: =IFERROR(_xlfn.XLOOKUP(F11,Apuração!A:A,Apuração!C:C)/_xlfn.XLOOKUP(F11,Apuração!A:A,Apuração!B:B),0) -> 0.41666667 | BP11: =IFERROR(_xlfn.XLOOKUP(F11,Apuração!A:A,Apuração!D:D)/_xlfn.XLOOKUP(F11,Apuração!A:A,Apuração!B:B),0) -> 0.33333333 | BQ11: =IF(BK11>=BO11,0,_xlfn.XLOOKUP(F11,Apuração!A:A,Apuração!B:B)*(BO11 + (1/_xlfn.XLOOKUP(F11,Apuração!A:A,Apuração!B:B)) - BK11)) -> 0 | BR11: =IF(BQ11=0,0,BQ11*Z11) -> 0 | BS11: =IFERROR((_xlfn.XLOOKUP(F11,Apuração!A:A,Apuração!C:C)+1)/_xlfn.XLOOKUP(F11,Apuração!A:A,Apuração!B:B),0) -> 0.5
A12: POPULAÇÃO | B12: E+ Segurança : parceiros estratégicos | C12: AL | D12: LESTE | E12: {=_xlfn.IFS( F12 = "A partir de Abril", "Aguardando Execução na Distribuidora", A12 = "CAPACITAÇÃO", "Em execução no Corporativo", TRUE, "Em Execução na Distribuidora" )} -> Em Execução na Distribuidora | F12: {=_xlfn.IFS( AG12 <> "", "Jan-Dez/26", AH12 <> "", "Fev-Dez/26", AI12 <> "", "Mar-Dez/26", AJ12 <> "", "Abr-Dez/26", TRUE, "A partir de Junho" )} -> Jan-Dez/26 | G12: Iniciada | H12: P3 | I12: Número de profissionais diretamente impactados | J12: {=_xlfn.LET( _xlpm.actual_value_month, INDEX(T12:AE12, MATCH(DATE(YEAR(TODAY()), MONTH(TODAY()), 1), $T$1:$AE$1, 0)), IF(_xlpm.actual_value_month <> "",_xlpm.actual_value_month & " ações mensais", "") )} | K12: {=_xlfn.LET( _xlpm.sum_month, SUM(T12:AE12), IF(_xlpm.sum_month = 0, "", _xlpm.sum_month & " pessoas impactadas no ano") )} | L12: Número de profissionais diretamente impactados | M12: 1 | N12: Item de controle | O12: Número absoluto | P12: - | Q12: - | R12: - | S12: - | AG12: 0 | AH12: 0 | AI12: 0 | AJ12: 0 | AS12: =IF(MONTH(TODAY())=3,SUM(T12:U12),IF(MONTH(TODAY())=4,SUM(T12:V12),IF(MONTH(TODAY())=5,SUM(T12:W12),IF(MONTH(TODAY())=6,SUM(T12:X12),IF(MONTH(TODAY())=7,SUM(T12:Y12),IF(MONTH(TODAY())=8,SUM(T12:Z12),IF(MONTH(TODAY())=9,SUM(T12:AA12),IF(MONTH(TODAY())=10,SUM(T12:AB12),IF(MONTH(TODAY())=11,SUM(T12:AC12),IF(MONTH(TODAY())=12,SUM(T12:AD12),IF(MONTH(TODAY())=1,SUM(T12:AE12),T12))))))))))) -> 0 | AT12: =SUM(AG12:AR12) -> 0 | AU12: =SUM(AG12:AR12) -> 0 | AW12: =AG12 -> 0 | AX12: =AH12 -> 0 | AY12: =AI12 -> 0 | AZ12: =AJ12 -> 0 | BI12: {=IFERROR(INDEX(AW12:BH12,1,MATCH(2,1/(AW12:BH12<>""))),"")} -> 0 | BJ12: {=IF(BM12 = "", "",IFERROR(INDEX(AW12:BH12,1,MATCH(2,1/(AW12:BH12<>""),1)-1),""))} -> 0 | BK12: =SUM(AW12:BH12) -> 0 | BL12: {=IFERROR(SUM(AW12:INDEX(AW12:BH12, MATCH(2, 1/(AW12:BH12<>""), 1) - 1))/_xlfn.XLOOKUP(F12,Apuração!A:A,Apuração!B:B),0)} -> 0 | BM12: {=IFERROR( INDEX($AW$1:$BH$1, _xlfn.AGGREGATE(14, 6, COLUMN($AW$1:$BH$1)/(AW12:BH12<>""), 2) - COLUMN($AW$1) + 1 ), "")} -> 46082 | BN12: {=IFERROR(INDEX($AW$1:$BH$1,1,MATCH(2,1/(AW12:BH12<>""))),"")} -> 46113 | BO12: =IFERROR(_xlfn.XLOOKUP(F12,Apuração!A:A,Apuração!C:C)/_xlfn.XLOOKUP(F12,Apuração!A:A,Apuração!B:B),0) -> 0.41666667 | BP12: =IFERROR(_xlfn.XLOOKUP(F12,Apuração!A:A,Apuração!D:D)/_xlfn.XLOOKUP(F12,Apuração!A:A,Apuração!B:B),0) -> 0.33333333 | BQ12: =IF(BK12>=BO12,0,_xlfn.XLOOKUP(F12,Apuração!A:A,Apuração!B:B)*(BO12 + (1/_xlfn.XLOOKUP(F12,Apuração!A:A,Apuração!B:B)) - BK12)) -> 6 | BR12: =IF(BQ12=0,0,BQ12*Z12) -> 0 | BS12: =IFERROR((_xlfn.XLOOKUP(F12,Apuração!A:A,Apuração!C:C)+1)/_xlfn.XLOOKUP(F12,Apuração!A:A,Apuração!B:B),0) -> 0.5
A13: POPULAÇÃO | B13: E+ Segurança : parceiros estratégicos | C13: AL | D13: OESTE | E13: {=_xlfn.IFS( F13 = "A partir de Abril", "Aguardando Execução na Distribuidora", A13 = "CAPACITAÇÃO", "Em execução no Corporativo", TRUE, "Em Execução na Distribuidora" )} -> Em Execução na Distribuidora | F13: {=_xlfn.IFS( AG13 <> "", "Jan-Dez/26", AH13 <> "", "Fev-Dez/26", AI13 <> "", "Mar-Dez/26", AJ13 <> "", "Abr-Dez/26", TRUE, "A partir de Junho" )} -> Jan-Dez/26 | G13: Iniciada | H13: P3 | I13: Número de profissionais diretamente impactados | J13: {=_xlfn.LET( _xlpm.actual_value_month, INDEX(T13:AE13, MATCH(DATE(YEAR(TODAY()), MONTH(TODAY()), 1), $T$1:$AE$1, 0)), IF(_xlpm.actual_value_month <> "",_xlpm.actual_value_month & " ações mensais", "") )} | K13: {=_xlfn.LET( _xlpm.sum_month, SUM(T13:AE13), IF(_xlpm.sum_month = 0, "", _xlpm.sum_month & " pessoas impactadas no ano") )} | L13: Número de profissionais diretamente impactados | M13: 1 | N13: Item de controle | O13: Número absoluto | P13: - | Q13: - | R13: - | S13: - | AG13: 259 | AH13: 0 | AI13: 114 | AJ13: 57 | AS13: =IF(MONTH(TODAY())=3,SUM(T13:U13),IF(MONTH(TODAY())=4,SUM(T13:V13),IF(MONTH(TODAY())=5,SUM(T13:W13),IF(MONTH(TODAY())=6,SUM(T13:X13),IF(MONTH(TODAY())=7,SUM(T13:Y13),IF(MONTH(TODAY())=8,SUM(T13:Z13),IF(MONTH(TODAY())=9,SUM(T13:AA13),IF(MONTH(TODAY())=10,SUM(T13:AB13),IF(MONTH(TODAY())=11,SUM(T13:AC13),IF(MONTH(TODAY())=12,SUM(T13:AD13),IF(MONTH(TODAY())=1,SUM(T13:AE13),T13))))))))))) -> 0 | AT13: =SUM(AG13:AR13) -> 430 | AU13: =SUM(AG13:AR13) -> 430 | AW13: =AG13 -> 259 | AX13: =AH13 -> 0 | AY13: =AI13 -> 114 | AZ13: =AJ13 -> 57 | BI13: {=IFERROR(INDEX(AW13:BH13,1,MATCH(2,1/(AW13:BH13<>""))),"")} -> 57 | BJ13: {=IF(BM13 = "", "",IFERROR(INDEX(AW13:BH13,1,MATCH(2,1/(AW13:BH13<>""),1)-1),""))} -> 114 | BK13: =SUM(AW13:BH13) -> 430 | BL13: {=IFERROR(SUM(AW13:INDEX(AW13:BH13, MATCH(2, 1/(AW13:BH13<>""), 1) - 1))/_xlfn.XLOOKUP(F13,Apuração!A:A,Apuração!B:B),0)} -> 31.083333 | BM13: {=IFERROR( INDEX($AW$1:$BH$1, _xlfn.AGGREGATE(14, 6, COLUMN($AW$1:$BH$1)/(AW13:BH13<>""), 2) - COLUMN($AW$1) + 1 ), "")} -> 46082 | BN13: {=IFERROR(INDEX($AW$1:$BH$1,1,MATCH(2,1/(AW13:BH13<>""))),"")} -> 46113 | BO13: =IFERROR(_xlfn.XLOOKUP(F13,Apuração!A:A,Apuração!C:C)/_xlfn.XLOOKUP(F13,Apuração!A:A,Apuração!B:B),0) -> 0.41666667 | BP13: =IFERROR(_xlfn.XLOOKUP(F13,Apuração!A:A,Apuração!D:D)/_xlfn.XLOOKUP(F13,Apuração!A:A,Apuração!B:B),0) -> 0.33333333 | BQ13: =IF(BK13>=BO13,0,_xlfn.XLOOKUP(F13,Apuração!A:A,Apuração!B:B)*(BO13 + (1/_xlfn.XLOOKUP(F13,Apuração!A:A,Apuração!B:B)) - BK13)) -> 0 | BR13: =IF(BQ13=0,0,BQ13*Z13) -> 0 | BS13: =IFERROR((_xlfn.XLOOKUP(F13,Apuração!A:A,Apuração!C:C)+1)/_xlfn.XLOOKUP(F13,Apuração!A:A,Apuração!B:B),0) -> 0.5
A14: POPULAÇÃO | B14: E+ Segurança : vidas salvas | C14: AL | D14: TODAS | E14: Aguardando Execução na Distribuidora | F14: {=_xlfn.IFS( AG14 <> "", "Jan-Dez/26", AH14 <> "", "Fev-Dez/26", AI14 <> "", "Mar-Dez/26", AJ14 <> "", "Abr-Dez/26", TRUE, "A partir de Junho" )} -> A partir de Junho | G14: Não Iniciada | H14: P1 | I14: (N° de colaboradoras = n° de pontos por mês) | J14: {=_xlfn.LET( _xlpm.actual_value_month, INDEX(T14:AE14, MATCH(DATE(YEAR(TODAY()), MONTH(TODAY()), 1), $T$1:$AE$1, 0)), IF(_xlpm.actual_value_month <> "",_xlpm.actual_value_month & " ações mensais", "") )} | K14: {=_xlfn.LET( _xlpm.sum_month, SUM(T14:AE14), IF(_xlpm.sum_month = 0, "", _xlpm.sum_month & " eventos realizados") )} | L14: Percentual de eventos realizados​ | M14: Nível de engajamento dos colaboradores na campanha | N14: Indicador | O14: Percentual | P14: - | Q14: - | R14: Índice de Engajamento em Segurança (IES) | S14: Indicadores de conformidade e engajamento | AS14: =IF(MONTH(TODAY())=3,SUM(T14:U14),IF(MONTH(TODAY())=4,SUM(T14:V14),IF(MONTH(TODAY())=5,SUM(T14:W14),IF(MONTH(TODAY())=6,SUM(T14:X14),IF(MONTH(TODAY())=7,SUM(T14:Y14),IF(MONTH(TODAY())=8,SUM(T14:Z14),IF(MONTH(TODAY())=9,SUM(T14:AA14),IF(MONTH(TODAY())=10,SUM(T14:AB14),IF(MONTH(TODAY())=11,SUM(T14:AC14),IF(MONTH(TODAY())=12,SUM(T14:AD14),IF(MONTH(TODAY())=1,SUM(T14:AE14),T14))))))))))) -> 0 | AT14: =SUM(IF(AW14<1.15,AG14,1.15*T14),IF(AX14<1.15,AH14,1.15*U14),IF(AY14<1.15,AI14,1.15*V14),IF(AZ14<1.15,AJ14,1.15*W14),IF(BA14<1.15,AK14,1.15*X14),IF(BB14<1.15,AL14,1.15*Y14),IF(BC14<1.15,AM14,1.15*Z14),IF(BD14<1.15,AN14,1.15*AA14),IF(BE14<1.15,AO14,1.15*AB14),IF(BF14<1.15,AP14,1.15*AC14),IF(BG14<1.15,AQ14,1.15*AD14),IF(BH14<1.15,AR14,1.15*AE14)) -> 0 | AU14: =SUM(AG14:AR14) -> 0 | AW14: =IFERROR(IF(AG14="",0,AG14/T14),0) -> 0 | AX14: =IFERROR(IF(AH14="",0,AH14/U14),0) -> 0 | AY14: =IFERROR(IF(AI14="",0,AI14/V14),0) -> 0 | AZ14: =IFERROR(IF(AJ14="",0,AJ14/W14),0) -> 0 | BI14: {=IFERROR(INDEX(AW14:BH14,1,MATCH(2,1/(AW14:BH14<>""))),"")} -> 0 | BJ14: {=IF(BM14 = "", "",IFERROR(INDEX(AW14:BH14,1,MATCH(2,1/(AW14:BH14<>""),1)-1),""))} -> 0 | BK14: =IF((IF(AW14>=115%,115%,AW14) + IF(AX14>=115%,115%,AX14) + IF(AY14>=115%,115%,AY14) + (IF(AZ14>=115%,115%,AZ14) + IF(BA14>=115%,115%,BA14) + IF(BB14>=115%,115%,BB14) + IF(BC14>=115%,115%,BC14) + IF(BD14>=115%,115%,BD14) + IF(BE14>=115%,115%,BE14) + IF(BF14>=115%,115%,BF14) + IF(BG14>=115%,115%,BG14) + IF(BH14>=115%,115%,BH14)))/_xlfn.XLOOKUP(F14,Apuração!A:A,Apuração!B:B)>=1.15,1.15,((IF(AZ14>=115%,115%,AZ14) + IF(AX14>=115%,115%,AX14) + IF(AY14>=115%,115%,AY14) + (IF(AW14>=115%,115%,AW14) + IF(BA14>=115%,115%,BA14) + IF(BB14>=115%,115%,BB14) + IF(BC14>=115%,115%,BC14) + IF(BD14>=115%,115%,BD14) + IF(BE14>=115%,115%,BE14) + IF(BF14>=115%,115%,BF14) + IF(BG14>=115%,115%,BG14) + IF(BH14>=115%,115%,BH14)))/_xlfn.XLOOKUP(F14,Apuração!A:A,Apuração!B:B))) -> 0 | BL14: {=IF(SUM(IFERROR(IF(INDEX(AW14:INDEX(AW14:BH14, MATCH(2, 1/(AW14:BH14<>""), 1)-1), ROW(INDIRECT("1:" & MATCH(2, 1/(AW14:BH14<>""), 1)-1))) >= 115%, 115%, INDEX(AW14:INDEX(AW14:BH14, MATCH(2, 1/(AW14:BH14<>""), 1)-1), ROW(INDIRECT("1:" & MATCH(2, 1/(AW14:BH14<>""), 1)-1)))), 0))/_xlfn.XLOOKUP(F14,Apuração!A:A,Apuração!B:B)>=1.15,1.15,SUM(IFERROR(IF(INDEX(AW14:INDEX(AW14:BH14, MATCH(2, 1/(AW14:BH14<>""), 1)-1), ROW(INDIRECT("1:" & MATCH(2, 1/(AW14:BH14<>""), 1)-1))) >= 115%, 115%, INDEX(AW14:INDEX(AW14:BH14, MATCH(2, 1/(AW14:BH14<>""), 1)-1), ROW(INDIRECT("1:" & MATCH(2, 1/(AW14:BH14<>""), 1)-1)))), 0))/_xlfn.XLOOKUP(F14,Apuração!A:A,Apuração!B:B))} -> 0 | BM14: {=IFERROR( INDEX($AW$1:$BH$1, _xlfn.AGGREGATE(14, 6, COLUMN($AW$1:$BH$1)/(AW14:BH14<>""), 2) - COLUMN($AW$1) + 1 ), "")} -> 46082 | BN14: {=IFERROR(INDEX($AW$1:$BH$1,1,MATCH(2,1/(AW14:BH14<>""))),"")} -> 46113 | BO14: =IFERROR(_xlfn.XLOOKUP(F14,Apuração!A:A,Apuração!C:C)/_xlfn.XLOOKUP(F14,Apuração!A:A,Apuração!B:B),0) -> 0 | BP14: =IFERROR(_xlfn.XLOOKUP(F14,Apuração!A:A,Apuração!D:D)/_xlfn.XLOOKUP(F14,Apuração!A:A,Apuração!B:B),0) -> 0 | BQ14: =IF(BK14>=BO14,0,_xlfn.XLOOKUP(F14,Apuração!A:A,Apuração!B:B)*(BO14 + (1/_xlfn.XLOOKUP(F14,Apuração!A:A,Apuração!B:B)) - BK14)) -> 0 | BR14: =IF(BQ14=0,0,BQ14*Z14) -> 0 | BS14: =IFERROR((_xlfn.XLOOKUP(F14,Apuração!A:A,Apuração!C:C)+1)/_xlfn.XLOOKUP(F14,Apuração!A:A,Apuração!B:B),0) -> 0.14285714
A15: POPULAÇÃO | B15: E+ Segurança : vidas salvas | C15: AL | D15: LESTE | E15: Aguardando Execução na Distribuidora | F15: {=_xlfn.IFS( AG15 <> "", "Jan-Dez/26", AH15 <> "", "Fev-Dez/26", AI15 <> "", "Mar-Dez/26", AJ15 <> "", "Abr-Dez/26", TRUE, "A partir de Junho" )} -> A partir de Junho | G15: Não Iniciada | H15: P1 | I15: (N° de colaboradoras = n° de pontos por mês) | J15: {=_xlfn.LET( _xlpm.actual_value_month, INDEX(T15:AE15, MATCH(DATE(YEAR(TODAY()), MONTH(TODAY()), 1), $T$1:$AE$1, 0)), IF(_xlpm.actual_value_month <> "",_xlpm.actual_value_month & " ações mensais", "") )} | K15: {=_xlfn.LET( _xlpm.sum_month, SUM(T15:AE15), IF(_xlpm.sum_month = 0, "", _xlpm.sum_month & " eventos realizados") )} | L15: Percentual de eventos realizados​ | M15: Nível de engajamento dos colaboradores na campanha | N15: Indicador | O15: Percentual | P15: - | Q15: - | R15: Índice de Engajamento em Segurança (IES) | S15: Indicadores de conformidade e engajamento | AS15: =IF(MONTH(TODAY())=3,SUM(T15:U15),IF(MONTH(TODAY())=4,SUM(T15:V15),IF(MONTH(TODAY())=5,SUM(T15:W15),IF(MONTH(TODAY())=6,SUM(T15:X15),IF(MONTH(TODAY())=7,SUM(T15:Y15),IF(MONTH(TODAY())=8,SUM(T15:Z15),IF(MONTH(TODAY())=9,SUM(T15:AA15),IF(MONTH(TODAY())=10,SUM(T15:AB15),IF(MONTH(TODAY())=11,SUM(T15:AC15),IF(MONTH(TODAY())=12,SUM(T15:AD15),IF(MONTH(TODAY())=1,SUM(T15:AE15),T15))))))))))) -> 0 | AT15: =SUM(IF(AW15<1.15,AG15,1.15*T15),IF(AX15<1.15,AH15,1.15*U15),IF(AY15<1.15,AI15,1.15*V15),IF(AZ15<1.15,AJ15,1.15*W15),IF(BA15<1.15,AK15,1.15*X15),IF(BB15<1.15,AL15,1.15*Y15),IF(BC15<1.15,AM15,1.15*Z15),IF(BD15<1.15,AN15,1.15*AA15),IF(BE15<1.15,AO15,1.15*AB15),IF(BF15<1.15,AP15,1.15*AC15),IF(BG15<1.15,AQ15,1.15*AD15),IF(BH15<1.15,AR15,1.15*AE15)) -> 0 | AU15: =SUM(AG15:AR15) -> 0 | AW15: =IFERROR(IF(AG15="",0,AG15/T15),0) -> 0 | AX15: =IFERROR(IF(AH15="",0,AH15/U15),0) -> 0 | AY15: =IFERROR(IF(AI15="",0,AI15/V15),0) -> 0 | AZ15: =IFERROR(IF(AJ15="",0,AJ15/W15),0) -> 0 | BI15: {=IFERROR(INDEX(AW15:BH15,1,MATCH(2,1/(AW15:BH15<>""))),"")} -> 0 | BJ15: {=IF(BM15 = "", "",IFERROR(INDEX(AW15:BH15,1,MATCH(2,1/(AW15:BH15<>""),1)-1),""))} -> 0 | BK15: =IF((IF(AW15>=115%,115%,AW15) + IF(AX15>=115%,115%,AX15) + IF(AY15>=115%,115%,AY15) + (IF(AZ15>=115%,115%,AZ15) + IF(BA15>=115%,115%,BA15) + IF(BB15>=115%,115%,BB15) + IF(BC15>=115%,115%,BC15) + IF(BD15>=115%,115%,BD15) + IF(BE15>=115%,115%,BE15) + IF(BF15>=115%,115%,BF15) + IF(BG15>=115%,115%,BG15) + IF(BH15>=115%,115%,BH15)))/_xlfn.XLOOKUP(F15,Apuração!A:A,Apuração!B:B)>=1.15,1.15,((IF(AZ15>=115%,115%,AZ15) + IF(AX15>=115%,115%,AX15) + IF(AY15>=115%,115%,AY15) + (IF(AW15>=115%,115%,AW15) + IF(BA15>=115%,115%,BA15) + IF(BB15>=115%,115%,BB15) + IF(BC15>=115%,115%,BC15) + IF(BD15>=115%,115%,BD15) + IF(BE15>=115%,115%,BE15) + IF(BF15>=115%,115%,BF15) + IF(BG15>=115%,115%,BG15) + IF(BH15>=115%,115%,BH15)))/_xlfn.XLOOKUP(F15,Apuração!A:A,Apuração!B:B))) -> 0 | BL15: {=IF(SUM(IFERROR(IF(INDEX(AW15:INDEX(AW15:BH15, MATCH(2, 1/(AW15:BH15<>""), 1)-1), ROW(INDIRECT("1:" & MATCH(2, 1/(AW15:BH15<>""), 1)-1))) >= 115%, 115%, INDEX(AW15:INDEX(AW15:BH15, MATCH(2, 1/(AW15:BH15<>""), 1)-1), ROW(INDIRECT("1:" & MATCH(2, 1/(AW15:BH15<>""), 1)-1)))), 0))/_xlfn.XLOOKUP(F15,Apuração!A:A,Apuração!B:B)>=1.15,1.15,SUM(IFERROR(IF(INDEX(AW15:INDEX(AW15:BH15, MATCH(2, 1/(AW15:BH15<>""), 1)-1), ROW(INDIRECT("1:" & MATCH(2, 1/(AW15:BH15<>""), 1)-1))) >= 115%, 115%, INDEX(AW15:INDEX(AW15:BH15, MATCH(2, 1/(AW15:BH15<>""), 1)-1), ROW(INDIRECT("1:" & MATCH(2, 1/(AW15:BH15<>""), 1)-1)))), 0))/_xlfn.XLOOKUP(F15,Apuração!A:A,Apuração!B:B))} -> 0 | BM15: {=IFERROR( INDEX($AW$1:$BH$1, _xlfn.AGGREGATE(14, 6, COLUMN($AW$1:$BH$1)/(AW15:BH15<>""), 2) - COLUMN($AW$1) + 1 ), "")} -> 46082 | BN15: {=IFERROR(INDEX($AW$1:$BH$1,1,MATCH(2,1/(AW15:BH15<>""))),"")} -> 46113 | BO15: =IFERROR(_xlfn.XLOOKUP(F15,Apuração!A:A,Apuração!C:C)/_xlfn.XLOOKUP(F15,Apuração!A:A,Apuração!B:B),0) -> 0 | BP15: =IFERROR(_xlfn.XLOOKUP(F15,Apuração!A:A,Apuração!D:D)/_xlfn.XLOOKUP(F15,Apuração!A:A,Apuração!B:B),0) -> 0 | BQ15: =IF(BK15>=BO15,0,_xlfn.XLOOKUP(F15,Apuração!A:A,Apuração!B:B)*(BO15 + (1/_xlfn.XLOOKUP(F15,Apuração!A:A,Apuração!B:B)) - BK15)) -> 0 | BR15: =IF(BQ15=0,0,BQ15*Z15) -> 0 | BS15: =IFERROR((_xlfn.XLOOKUP(F15,Apuração!A:A,Apuração!C:C)+1)/_xlfn.XLOOKUP(F15,Apuração!A:A,Apuração!B:B),0) -> 0.14285714
A16: POPULAÇÃO | B16: E+ Segurança : vidas salvas | C16: AL | D16: OESTE | E16: Aguardando Execução na Distribuidora | F16: {=_xlfn.IFS( AG16 <> "", "Jan-Dez/26", AH16 <> "", "Fev-Dez/26", AI16 <> "", "Mar-Dez/26", AJ16 <> "", "Abr-Dez/26", TRUE, "A partir de Junho" )} -> A partir de Junho | G16: Não Iniciada | H16: P1 | I16: (N° de colaboradoras = n° de pontos por mês) | J16: {=_xlfn.LET( _xlpm.actual_value_month, INDEX(T16:AE16, MATCH(DATE(YEAR(TODAY()), MONTH(TODAY()), 1), $T$1:$AE$1, 0)), IF(_xlpm.actual_value_month <> "",_xlpm.actual_value_month & " ações mensais", "") )} | K16: {=_xlfn.LET( _xlpm.sum_month, SUM(T16:AE16), IF(_xlpm.sum_month = 0, "", _xlpm.sum_month & " eventos realizados") )} | L16: Percentual de eventos realizados​ | M16: Nível de engajamento dos colaboradores na campanha | N16: Indicador | O16: Percentual | P16: - | Q16: - | R16: Índice de Engajamento em Segurança (IES) | S16: Indicadores de conformidade e engajamento | AS16: =IF(MONTH(TODAY())=3,SUM(T16:U16),IF(MONTH(TODAY())=4,SUM(T16:V16),IF(MONTH(TODAY())=5,SUM(T16:W16),IF(MONTH(TODAY())=6,SUM(T16:X16),IF(MONTH(TODAY())=7,SUM(T16:Y16),IF(MONTH(TODAY())=8,SUM(T16:Z16),IF(MONTH(TODAY())=9,SUM(T16:AA16),IF(MONTH(TODAY())=10,SUM(T16:AB16),IF(MONTH(TODAY())=11,SUM(T16:AC16),IF(MONTH(TODAY())=12,SUM(T16:AD16),IF(MONTH(TODAY())=1,SUM(T16:AE16),T16))))))))))) -> 0 | AT16: =SUM(IF(AW16<1.15,AG16,1.15*T16),IF(AX16<1.15,AH16,1.15*U16),IF(AY16<1.15,AI16,1.15*V16),IF(AZ16<1.15,AJ16,1.15*W16),IF(BA16<1.15,AK16,1.15*X16),IF(BB16<1.15,AL16,1.15*Y16),IF(BC16<1.15,AM16,1.15*Z16),IF(BD16<1.15,AN16,1.15*AA16),IF(BE16<1.15,AO16,1.15*AB16),IF(BF16<1.15,AP16,1.15*AC16),IF(BG16<1.15,AQ16,1.15*AD16),IF(BH16<1.15,AR16,1.15*AE16)) -> 0 | AU16: =SUM(AG16:AR16) -> 0 | AW16: =IFERROR(IF(AG16="",0,AG16/T16),0) -> 0 | AX16: =IFERROR(IF(AH16="",0,AH16/U16),0) -> 0 | AY16: =IFERROR(IF(AI16="",0,AI16/V16),0) -> 0 | AZ16: =IFERROR(IF(AJ16="",0,AJ16/W16),0) -> 0 | BI16: {=IFERROR(INDEX(AW16:BH16,1,MATCH(2,1/(AW16:BH16<>""))),"")} -> 0 | BJ16: {=IF(BM16 = "", "",IFERROR(INDEX(AW16:BH16,1,MATCH(2,1/(AW16:BH16<>""),1)-1),""))} -> 0 | BK16: =IF((IF(AW16>=115%,115%,AW16) + IF(AX16>=115%,115%,AX16) + IF(AY16>=115%,115%,AY16) + (IF(AZ16>=115%,115%,AZ16) + IF(BA16>=115%,115%,BA16) + IF(BB16>=115%,115%,BB16) + IF(BC16>=115%,115%,BC16) + IF(BD16>=115%,115%,BD16) + IF(BE16>=115%,115%,BE16) + IF(BF16>=115%,115%,BF16) + IF(BG16>=115%,115%,BG16) + IF(BH16>=115%,115%,BH16)))/_xlfn.XLOOKUP(F16,Apuração!A:A,Apuração!B:B)>=1.15,1.15,((IF(AZ16>=115%,115%,AZ16) + IF(AX16>=115%,115%,AX16) + IF(AY16>=115%,115%,AY16) + (IF(AW16>=115%,115%,AW16) + IF(BA16>=115%,115%,BA16) + IF(BB16>=115%,115%,BB16) + IF(BC16>=115%,115%,BC16) + IF(BD16>=115%,115%,BD16) + IF(BE16>=115%,115%,BE16) + IF(BF16>=115%,115%,BF16) + IF(BG16>=115%,115%,BG16) + IF(BH16>=115%,115%,BH16)))/_xlfn.XLOOKUP(F16,Apuração!A:A,Apuração!B:B))) -> 0 | BL16: {=IF(SUM(IFERROR(IF(INDEX(AW16:INDEX(AW16:BH16, MATCH(2, 1/(AW16:BH16<>""), 1)-1), ROW(INDIRECT("1:" & MATCH(2, 1/(AW16:BH16<>""), 1)-1))) >= 115%, 115%, INDEX(AW16:INDEX(AW16:BH16, MATCH(2, 1/(AW16:BH16<>""), 1)-1), ROW(INDIRECT("1:" & MATCH(2, 1/(AW16:BH16<>""), 1)-1)))), 0))/_xlfn.XLOOKUP(F16,Apuração!A:A,Apuração!B:B)>=1.15,1.15,SUM(IFERROR(IF(INDEX(AW16:INDEX(AW16:BH16, MATCH(2, 1/(AW16:BH16<>""), 1)-1), ROW(INDIRECT("1:" & MATCH(2, 1/(AW16:BH16<>""), 1)-1))) >= 115%, 115%, INDEX(AW16:INDEX(AW16:BH16, MATCH(2, 1/(AW16:BH16<>""), 1)-1), ROW(INDIRECT("1:" & MATCH(2, 1/(AW16:BH16<>""), 1)-1)))), 0))/_xlfn.XLOOKUP(F16,Apuração!A:A,Apuração!B:B))} -> 0 | BM16: {=IFERROR( INDEX($AW$1:$BH$1, _xlfn.AGGREGATE(14, 6, COLUMN($AW$1:$BH$1)/(AW16:BH16<>""), 2) - COLUMN($AW$1) + 1 ), "")} -> 46082 | BN16: {=IFERROR(INDEX($AW$1:$BH$1,1,MATCH(2,1/(AW16:BH16<>""))),"")} -> 46113 | BO16: =IFERROR(_xlfn.XLOOKUP(F16,Apuração!A:A,Apuração!C:C)/_xlfn.XLOOKUP(F16,Apuração!A:A,Apuração!B:B),0) -> 0 | BP16: =IFERROR(_xlfn.XLOOKUP(F16,Apuração!A:A,Apuração!D:D)/_xlfn.XLOOKUP(F16,Apuração!A:A,Apuração!B:B),0) -> 0 | BQ16: =IF(BK16>=BO16,0,_xlfn.XLOOKUP(F16,Apuração!A:A,Apuração!B:B)*(BO16 + (1/_xlfn.XLOOKUP(F16,Apuração!A:A,Apuração!B:B)) - BK16)) -> 0 | BR16: =IF(BQ16=0,0,BQ16*Z16) -> 0 | BS16: =IFERROR((_xlfn.XLOOKUP(F16,Apuração!A:A,Apuração!C:C)+1)/_xlfn.XLOOKUP(F16,Apuração!A:A,Apuração!B:B),0) -> 0.14285714
A17: POPULAÇÃO | B17: E+ Segurança : vidas salvas | C17: AL | D17: TODAS | E17: Aguardando Execução na Distribuidora | F17: {=_xlfn.IFS( AG17 <> "", "Jan-Dez/26", AH17 <> "", "Fev-Dez/26", AI17 <> "", "Mar-Dez/26", AJ17 <> "", "Abr-Dez/26", TRUE, "A partir de Junho" )} -> A partir de Junho | G17: Não Iniciada | H17: P1 | I17: (N° notificações de risco tratadas / N° total de notificações de risco apontadas) * 100 | J17: {=_xlfn.LET( _xlpm.actual_value_month, INDEX(T17:AE17, MATCH(DATE(YEAR(TODAY()), MONTH(TODAY()), 1), $T$1:$AE$1, 0)), IF(_xlpm.actual_value_month <> "",_xlpm.actual_value_month & " ações mensais", "") )} | K17: {=_xlfn.LET( _xlpm.sum_month, SUM(T17:AE17), IF(_xlpm.sum_month = 0, "", _xlpm.sum_month & " notificações.") )} | L17: Notificações sanadas | M17: 1 | N17: Item de controle | O17: Percentual | P17: - | Q17: - | R17: - | S17: - | AS17: =IF(MONTH(TODAY())=3,SUM(T17:U17),IF(MONTH(TODAY())=4,SUM(T17:V17),IF(MONTH(TODAY())=5,SUM(T17:W17),IF(MONTH(TODAY())=6,SUM(T17:X17),IF(MONTH(TODAY())=7,SUM(T17:Y17),IF(MONTH(TODAY())=8,SUM(T17:Z17),IF(MONTH(TODAY())=9,SUM(T17:AA17),IF(MONTH(TODAY())=10,SUM(T17:AB17),IF(MONTH(TODAY())=11,SUM(T17:AC17),IF(MONTH(TODAY())=12,SUM(T17:AD17),IF(MONTH(TODAY())=1,SUM(T17:AE17),T17))))))))))) -> 0 | AT17: =SUM(AG17:AR17) -> 0 | AU17: =SUM(AG17:AR17) -> 0 | AW17: =AG17 -> 0 | AX17: =AH17 -> 0 | AY17: =AI17 -> 0 | AZ17: =AJ17 -> 0 | BI17: {=IFERROR(INDEX(AW17:BH17,1,MATCH(2,1/(AW17:BH17<>""))),"")} -> 0 | BJ17: {=IF(BM17 = "", "",IFERROR(INDEX(AW17:BH17,1,MATCH(2,1/(AW17:BH17<>""),1)-1),""))} -> 0 | BK17: =SUM(AW17:BH17) -> 0 | BL17: {=IFERROR(SUM(AW17:INDEX(AW17:BH17, MATCH(2, 1/(AW17:BH17<>""), 1) - 1))/_xlfn.XLOOKUP(F17,Apuração!A:A,Apuração!B:B),0)} -> 0 | BM17: {=IFERROR( INDEX($AW$1:$BH$1, _xlfn.AGGREGATE(14, 6, COLUMN($AW$1:$BH$1)/(AW17:BH17<>""), 2) - COLUMN($AW$1) + 1 ), "")} -> 46082 | BN17: {=IFERROR(INDEX($AW$1:$BH$1,1,MATCH(2,1/(AW17:BH17<>""))),"")} -> 46113 | BO17: =IFERROR(_xlfn.XLOOKUP(F17,Apuração!A:A,Apuração!C:C)/_xlfn.XLOOKUP(F17,Apuração!A:A,Apuração!B:B),0) -> 0 | BP17: =IFERROR(_xlfn.XLOOKUP(F17,Apuração!A:A,Apuração!D:D)/_xlfn.XLOOKUP(F17,Apuração!A:A,Apuração!B:B),0) -> 0 | BQ17: =IF(BK17>=BO17,0,_xlfn.XLOOKUP(F17,Apuração!A:A,Apuração!B:B)*(BO17 + (1/_xlfn.XLOOKUP(F17,Apuração!A:A,Apuração!B:B)) - BK17)) -> 0 | BR17: =IF(BQ17=0,0,BQ17*Z17) -> 0 | BS17: =IFERROR((_xlfn.XLOOKUP(F17,Apuração!A:A,Apuração!C:C)+1)/_xlfn.XLOOKUP(F17,Apuração!A:A,Apuração!B:B),0) -> 0.14285714
A18: POPULAÇÃO | B18: E+ Segurança : vidas salvas | C18: AL | D18: LESTE | E18: Aguardando Execução na Distribuidora | F18: {=_xlfn.IFS( AG18 <> "", "Jan-Dez/26", AH18 <> "", "Fev-Dez/26", AI18 <> "", "Mar-Dez/26", AJ18 <> "", "Abr-Dez/26", TRUE, "A partir de Junho" )} -> A partir de Junho | G18: Não Iniciada | H18: P1 | I18: (N° notificações de risco tratadas / N° total de notificações de risco apontadas) * 100 | J18: {=_xlfn.LET( _xlpm.actual_value_month, INDEX(T18:AE18, MATCH(DATE(YEAR(TODAY()), MONTH(TODAY()), 1), $T$1:$AE$1, 0)), IF(_xlpm.actual_value_month <> "",_xlpm.actual_value_month & " ações mensais", "") )} | K18: {=_xlfn.LET( _xlpm.sum_month, SUM(T18:AE18), IF(_xlpm.sum_month = 0, "", _xlpm.sum_month & " notificações.") )} | L18: Notificações sanadas | M18: 1 | N18: Item de controle | O18: Percentual | P18: - | Q18: - | R18: - | S18: - | AS18: =IF(MONTH(TODAY())=3,SUM(T18:U18),IF(MONTH(TODAY())=4,SUM(T18:V18),IF(MONTH(TODAY())=5,SUM(T18:W18),IF(MONTH(TODAY())=6,SUM(T18:X18),IF(MONTH(TODAY())=7,SUM(T18:Y18),IF(MONTH(TODAY())=8,SUM(T18:Z18),IF(MONTH(TODAY())=9,SUM(T18:AA18),IF(MONTH(TODAY())=10,SUM(T18:AB18),IF(MONTH(TODAY())=11,SUM(T18:AC18),IF(MONTH(TODAY())=12,SUM(T18:AD18),IF(MONTH(TODAY())=1,SUM(T18:AE18),T18))))))))))) -> 0 | AT18: =SUM(AG18:AR18) -> 0 | AU18: =SUM(AG18:AR18) -> 0 | AW18: =AG18 -> 0 | AX18: =AH18 -> 0 | AY18: =AI18 -> 0 | AZ18: =AJ18 -> 0 | BI18: {=IFERROR(INDEX(AW18:BH18,1,MATCH(2,1/(AW18:BH18<>""))),"")} -> 0 | BJ18: {=IF(BM18 = "", "",IFERROR(INDEX(AW18:BH18,1,MATCH(2,1/(AW18:BH18<>""),1)-1),""))} -> 0 | BK18: =SUM(AW18:BH18) -> 0 | BL18: {=IFERROR(SUM(AW18:INDEX(AW18:BH18, MATCH(2, 1/(AW18:BH18<>""), 1) - 1))/_xlfn.XLOOKUP(F18,Apuração!A:A,Apuração!B:B),0)} -> 0 | BM18: {=IFERROR( INDEX($AW$1:$BH$1, _xlfn.AGGREGATE(14, 6, COLUMN($AW$1:$BH$1)/(AW18:BH18<>""), 2) - COLUMN($AW$1) + 1 ), "")} -> 46082 | BN18: {=IFERROR(INDEX($AW$1:$BH$1,1,MATCH(2,1/(AW18:BH18<>""))),"")} -> 46113 | BO18: =IFERROR(_xlfn.XLOOKUP(F18,Apuração!A:A,Apuração!C:C)/_xlfn.XLOOKUP(F18,Apuração!A:A,Apuração!B:B),0) -> 0 | BP18: =IFERROR(_xlfn.XLOOKUP(F18,Apuração!A:A,Apuração!D:D)/_xlfn.XLOOKUP(F18,Apuração!A:A,Apuração!B:B),0) -> 0 | BQ18: =IF(BK18>=BO18,0,_xlfn.XLOOKUP(F18,Apuração!A:A,Apuração!B:B)*(BO18 + (1/_xlfn.XLOOKUP(F18,Apuração!A:A,Apuração!B:B)) - BK18)) -> 0 | BR18: =IF(BQ18=0,0,BQ18*Z18) -> 0 | BS18: =IFERROR((_xlfn.XLOOKUP(F18,Apuração!A:A,Apuração!C:C)+1)/_xlfn.XLOOKUP(F18,Apuração!A:A,Apuração!B:B),0) -> 0.14285714
A19: POPULAÇÃO | B19: E+ Segurança : vidas salvas | C19: AL | D19: OESTE | E19: Aguardando Execução na Distribuidora | F19: {=_xlfn.IFS( AG19 <> "", "Jan-Dez/26", AH19 <> "", "Fev-Dez/26", AI19 <> "", "Mar-Dez/26", AJ19 <> "", "Abr-Dez/26", TRUE, "A partir de Junho" )} -> A partir de Junho | G19: Não Iniciada | H19: P1 | I19: (N° notificações de risco tratadas / N° total de notificações de risco apontadas) * 100 | J19: {=_xlfn.LET( _xlpm.actual_value_month, INDEX(T19:AE19, MATCH(DATE(YEAR(TODAY()), MONTH(TODAY()), 1), $T$1:$AE$1, 0)), IF(_xlpm.actual_value_month <> "",_xlpm.actual_value_month & " ações mensais", "") )} | K19: {=_xlfn.LET( _xlpm.sum_month, SUM(T19:AE19), IF(_xlpm.sum_month = 0, "", _xlpm.sum_month & " notificações.") )} | L19: Notificações sanadas | M19: 1 | N19: Item de controle | O19: Percentual | P19: - | Q19: - | R19: - | S19: - | AS19: =IF(MONTH(TODAY())=3,SUM(T19:U19),IF(MONTH(TODAY())=4,SUM(T19:V19),IF(MONTH(TODAY())=5,SUM(T19:W19),IF(MONTH(TODAY())=6,SUM(T19:X19),IF(MONTH(TODAY())=7,SUM(T19:Y19),IF(MONTH(TODAY())=8,SUM(T19:Z19),IF(MONTH(TODAY())=9,SUM(T19:AA19),IF(MONTH(TODAY())=10,SUM(T19:AB19),IF(MONTH(TODAY())=11,SUM(T19:AC19),IF(MONTH(TODAY())=12,SUM(T19:AD19),IF(MONTH(TODAY())=1,SUM(T19:AE19),T19))))))))))) -> 0 | AT19: =SUM(AG19:AR19) -> 0 | AU19: =SUM(AG19:AR19) -> 0 | AW19: =AG19 -> 0 | AX19: =AH19 -> 0 | AY19: =AI19 -> 0 | AZ19: =AJ19 -> 0 | BI19: {=IFERROR(INDEX(AW19:BH19,1,MATCH(2,1/(AW19:BH19<>""))),"")} -> 0 | BJ19: {=IF(BM19 = "", "",IFERROR(INDEX(AW19:BH19,1,MATCH(2,1/(AW19:BH19<>""),1)-1),""))} -> 0 | BK19: =SUM(AW19:BH19) -> 0 | BL19: {=IFERROR(SUM(AW19:INDEX(AW19:BH19, MATCH(2, 1/(AW19:BH19<>""), 1) - 1))/_xlfn.XLOOKUP(F19,Apuração!A:A,Apuração!B:B),0)} -> 0 | BM19: {=IFERROR( INDEX($AW$1:$BH$1, _xlfn.AGGREGATE(14, 6, COLUMN($AW$1:$BH$1)/(AW19:BH19<>""), 2) - COLUMN($AW$1) + 1 ), "")} -> 46082 | BN19: {=IFERROR(INDEX($AW$1:$BH$1,1,MATCH(2,1/(AW19:BH19<>""))),"")} -> 46113 | BO19: =IFERROR(_xlfn.XLOOKUP(F19,Apuração!A:A,Apuração!C:C)/_xlfn.XLOOKUP(F19,Apuração!A:A,Apuração!B:B),0) -> 0 | BP19: =IFERROR(_xlfn.XLOOKUP(F19,Apuração!A:A,Apuração!D:D)/_xlfn.XLOOKUP(F19,Apuração!A:A,Apuração!B:B),0) -> 0 | BQ19: =IF(BK19>=BO19,0,_xlfn.XLOOKUP(F19,Apuração!A:A,Apuração!B:B)*(BO19 + (1/_xlfn.XLOOKUP(F19,Apuração!A:A,Apuração!B:B)) - BK19)) -> 0 | BR19: =IF(BQ19=0,0,BQ19*Z19) -> 0 | BS19: =IFERROR((_xlfn.XLOOKUP(F19,Apuração!A:A,Apuração!C:C)+1)/_xlfn.XLOOKUP(F19,Apuração!A:A,Apuração!B:B),0) -> 0.14285714
A20: POPULAÇÃO | B20: E+ Segurança : vidas salvas | C20: AL | D20: LESTE | E20: Aguardando Execução na Distribuidora | F20: {=_xlfn.IFS( AG20 <> "", "Jan-Dez/26", AH20 <> "", "Fev-Dez/26", AI20 <> "", "Mar-Dez/26", AJ20 <> "", "Abr-Dez/26", TRUE, "A partir de Junho" )} -> A partir de Junho | G20: Não Iniciada | H20: P1 | I20: (N° notificações de risco tratadas / N° total de notificações de risco apontadas) * 100 | J20: {=_xlfn.LET( _xlpm.actual_value_month, INDEX(T20:AE20, MATCH(DATE(YEAR(TODAY()), MONTH(TODAY()), 1), $T$1:$AE$1, 0)), IF(_xlpm.actual_value_month <> "",_xlpm.actual_value_month & " ações mensais", "") )} | K20: {=_xlfn.LET( _xlpm.sum_month, SUM(T20:AE20), IF(_xlpm.sum_month = 0, "", _xlpm.sum_month & " notificações.") )} | L20: Notificações sanadas | M20: 1 | N20: Item de controle | O20: Percentual | P20: - | Q20: - | R20: - | S20: - | AS20: =IF(MONTH(TODAY())=3,SUM(T20:U20),IF(MONTH(TODAY())=4,SUM(T20:V20),IF(MONTH(TODAY())=5,SUM(T20:W20),IF(MONTH(TODAY())=6,SUM(T20:X20),IF(MONTH(TODAY())=7,SUM(T20:Y20),IF(MONTH(TODAY())=8,SUM(T20:Z20),IF(MONTH(TODAY())=9,SUM(T20:AA20),IF(MONTH(TODAY())=10,SUM(T20:AB20),IF(MONTH(TODAY())=11,SUM(T20:AC20),IF(MONTH(TODAY())=12,SUM(T20:AD20),IF(MONTH(TODAY())=1,SUM(T20:AE20),T20))))))))))) -> 0 | AT20: =SUM(AG20:AR20) -> 0 | AU20: =SUM(AG20:AR20) -> 0 | AW20: =AG20 -> 0 | AX20: =AH20 -> 0 | AY20: =AI20 -> 0 | AZ20: =AJ20 -> 0 | BI20: {=IFERROR(INDEX(AW20:BH20,1,MATCH(2,1/(AW20:BH20<>""))),"")} -> 0 | BJ20: {=IF(BM20 = "", "",IFERROR(INDEX(AW20:BH20,1,MATCH(2,1/(AW20:BH20<>""),1)-1),""))} -> 0 | BK20: =SUM(AW20:BH20) -> 0 | BL20: {=IFERROR(SUM(AW20:INDEX(AW20:BH20, MATCH(2, 1/(AW20:BH20<>""), 1) - 1))/_xlfn.XLOOKUP(F20,Apuração!A:A,Apuração!B:B),0)} -> 0 | BM20: {=IFERROR( INDEX($AW$1:$BH$1, _xlfn.AGGREGATE(14, 6, COLUMN($AW$1:$BH$1)/(AW20:BH20<>""), 2) - COLUMN($AW$1) + 1 ), "")} -> 46082 | BN20: {=IFERROR(INDEX($AW$1:$BH$1,1,MATCH(2,1/(AW20:BH20<>""))),"")} -> 46113 | BO20: =IFERROR(_xlfn.XLOOKUP(F20,Apuração!A:A,Apuração!C:C)/_xlfn.XLOOKUP(F20,Apuração!A:A,Apuração!B:B),0) -> 0 | BP20: =IFERROR(_xlfn.XLOOKUP(F20,Apuração!A:A,Apuração!D:D)/_xlfn.XLOOKUP(F20,Apuração!A:A,Apuração!B:B),0) -> 0 | BQ20: =IF(BK20>=BO20,0,_xlfn.XLOOKUP(F20,Apuração!A:A,Apuração!B:B)*(BO20 + (1/_xlfn.XLOOKUP(F20,Apuração!A:A,Apuração!B:B)) - BK20)) -> 0 | BR20: =IF(BQ20=0,0,BQ20*Z20) -> 0 | BS20: =IFERROR((_xlfn.XLOOKUP(F20,Apuração!A:A,Apuração!C:C)+1)/_xlfn.XLOOKUP(F20,Apuração!A:A,Apuração!B:B),0) -> 0.14285714
A21: POPULAÇÃO | B21: E+ Segurança : vidas salvas | C21: AL | D21: OESTE | E21: Aguardando Execução na Distribuidora | F21: {=_xlfn.IFS( AG21 <> "", "Jan-Dez/26", AH21 <> "", "Fev-Dez/26", AI21 <> "", "Mar-Dez/26", AJ21 <> "", "Abr-Dez/26", TRUE, "A partir de Junho" )} -> A partir de Junho | G21: Não Iniciada | H21: P1 | I21: (N° notificações de risco tratadas / N° total de notificações de risco apontadas) * 100 | J21: {=_xlfn.LET( _xlpm.actual_value_month, INDEX(T21:AE21, MATCH(DATE(YEAR(TODAY()), MONTH(TODAY()), 1), $T$1:$AE$1, 0)), IF(_xlpm.actual_value_month <> "",_xlpm.actual_value_month & " ações mensais", "") )} | K21: {=_xlfn.LET( _xlpm.sum_month, SUM(T21:AE21), IF(_xlpm.sum_month = 0, "", _xlpm.sum_month & " notificações.") )} | L21: Notificações sanadas | M21: 1 | N21: Item de controle | O21: Percentual | P21: - | Q21: - | R21: - | S21: - | AS21: =IF(MONTH(TODAY())=3,SUM(T21:U21),IF(MONTH(TODAY())=4,SUM(T21:V21),IF(MONTH(TODAY())=5,SUM(T21:W21),IF(MONTH(TODAY())=6,SUM(T21:X21),IF(MONTH(TODAY())=7,SUM(T21:Y21),IF(MONTH(TODAY())=8,SUM(T21:Z21),IF(MONTH(TODAY())=9,SUM(T21:AA21),IF(MONTH(TODAY())=10,SUM(T21:AB21),IF(MONTH(TODAY())=11,SUM(T21:AC21),IF(MONTH(TODAY())=12,SUM(T21:AD21),IF(MONTH(TODAY())=1,SUM(T21:AE21),T21))))))))))) -> 0 | AT21: =SUM(AG21:AR21) -> 0 | AU21: =SUM(AG21:AR21) -> 0 | AW21: =AG21 -> 0 | AX21: =AH21 -> 0 | AY21: =AI21 -> 0 | AZ21: =AJ21 -> 0 | BI21: {=IFERROR(INDEX(AW21:BH21,1,MATCH(2,1/(AW21:BH21<>""))),"")} -> 0 | BJ21: {=IF(BM21 = "", "",IFERROR(INDEX(AW21:BH21,1,MATCH(2,1/(AW21:BH21<>""),1)-1),""))} -> 0 | BK21: =SUM(AW21:BH21) -> 0 | BL21: {=IFERROR(SUM(AW21:INDEX(AW21:BH21, MATCH(2, 1/(AW21:BH21<>""), 1) - 1))/_xlfn.XLOOKUP(F21,Apuração!A:A,Apuração!B:B),0)} -> 0 | BM21: {=IFERROR( INDEX($AW$1:$BH$1, _xlfn.AGGREGATE(14, 6, COLUMN($AW$1:$BH$1)/(AW21:BH21<>""), 2) - COLUMN($AW$1) + 1 ), "")} -> 46082 | BN21: {=IFERROR(INDEX($AW$1:$BH$1,1,MATCH(2,1/(AW21:BH21<>""))),"")} -> 46113 | BO21: =IFERROR(_xlfn.XLOOKUP(F21,Apuração!A:A,Apuração!C:C)/_xlfn.XLOOKUP(F21,Apuração!A:A,Apuração!B:B),0) -> 0 | BP21: =IFERROR(_xlfn.XLOOKUP(F21,Apuração!A:A,Apuração!D:D)/_xlfn.XLOOKUP(F21,Apuração!A:A,Apuração!B:B),0) -> 0 | BQ21: =IF(BK21>=BO21,0,_xlfn.XLOOKUP(F21,Apuração!A:A,Apuração!B:B)*(BO21 + (1/_xlfn.XLOOKUP(F21,Apuração!A:A,Apuração!B:B)) - BK21)) -> 0 | BR21: =IF(BQ21=0,0,BQ21*Z21) -> 0 | BS21: =IFERROR((_xlfn.XLOOKUP(F21,Apuração!A:A,Apuração!C:C)+1)/_xlfn.XLOOKUP(F21,Apuração!A:A,Apuração!B:B),0) -> 0.14285714
A22: POPULAÇÃO | B22: E+Segurança : construção civil | C22: AL | D22: TODAS | E22: {=_xlfn.IFS( F22 = "A partir de Abril", "Aguardando Execução na Distribuidora", A22 = "CAPACITAÇÃO", "Em execução no Corporativo", TRUE, "Em Execução na Distribuidora" )} -> Em Execução na Distribuidora | F22: {=_xlfn.IFS( AG22 <> "", "Jan-Dez/26", AH22 <> "", "Fev-Dez/26", AI22 <> "", "Mar-Dez/26", AJ22 <> "", "Abr-Dez/26", TRUE, "A partir de Junho" )} -> Mar-Dez/26 | G22: Iniciada | H22: P1 | I22: (N° de ações planejadas/N° de ações realizadas)*100 | J22: {=_xlfn.LET( _xlpm.actual_value_month, INDEX(T22:AE22, MATCH(DATE(YEAR(TODAY()), MONTH(TODAY()), 1), $T$1:$AE$1, 0)), IF(_xlpm.actual_value_month <> "",_xlpm.actual_value_month & " eventos mensais", "") )} -> 2 eventos mensais | K22: {=_xlfn.LET( _xlpm.sum_month, SUM(T22:AE22), IF(_xlpm.sum_month = 0, "", _xlpm.sum_month & " eventos no ano") )} -> 20 eventos no ano | L22: Quantidade de eventos realizados​ | M22: 01 palestra realizada por mês por regional | N22: Indicador | O22: Percentual | P22: Seg Comunidade | Q22: Indicador das ações | R22: Índice de Compromisso com a Cultura de Segurança (ICCS) | S22: Indicadores de impacto e compromisso em segurança | U22: 1 | V22: 1 | W22: 2 | X22: 2 | Y22: 2 | Z22: 2 | AA22: 2 | AB22: 2 | AC22: 2 | AD22: 2 | AE22: 2 | AI22: 1 | AJ22: 0 | AS22: =IF(MONTH(TODAY())=3,SUM(T22:U22),IF(MONTH(TODAY())=4,SUM(T22:V22),IF(MONTH(TODAY())=5,SUM(T22:W22),IF(MONTH(TODAY())=6,SUM(T22:X22),IF(MONTH(TODAY())=7,SUM(T22:Y22),IF(MONTH(TODAY())=8,SUM(T22:Z22),IF(MONTH(TODAY())=9,SUM(T22:AA22),IF(MONTH(TODAY())=10,SUM(T22:AB22),IF(MONTH(TODAY())=11,SUM(T22:AC22),IF(MONTH(TODAY())=12,SUM(T22:AD22),IF(MONTH(TODAY())=1,SUM(T22:AE22),T22))))))))))) -> 6 | AT22: =SUM(IF(AW22<1.15,AG22,1.15*T22),IF(AX22<1.15,AH22,1.15*U22),IF(AY22<1.15,AI22,1.15*V22),IF(AZ22<1.15,AJ22,1.15*W22),IF(BA22<1.15,AK22,1.15*X22),IF(BB22<1.15,AL22,1.15*Y22),IF(BC22<1.15,AM22,1.15*Z22),IF(BD22<1.15,AN22,1.15*AA22),IF(BE22<1.15,AO22,1.15*AB22),IF(BF22<1.15,AP22,1.15*AC22),IF(BG22<1.15,AQ22,1.15*AD22),IF(BH22<1.15,AR22,1.15*AE22)) -> 1 | AU22: =SUM(AG22:AR22) -> 1 | AW22: =IFERROR(IF(AG22="",0,AG22/T22),0) -> 0 | AX22: =IFERROR(IF(AH22="",0,AH22/U22),0) -> 0 | AY22: =IFERROR(IF(AI22="",0,AI22/V22),0) -> 1 | AZ22: =IFERROR(IF(AJ22="",0,AJ22/W22),0) -> 0 | BI22: {=IFERROR(INDEX(AW22:BH22,1,MATCH(2,1/(AW22:BH22<>""))),"")} -> 0 | BJ22: {=IF(BM22 = "", "",IFERROR(INDEX(AW22:BH22,1,MATCH(2,1/(AW22:BH22<>""),1)-1),""))} -> 1 | BK22: =IF((IF(AW22>=115%,115%,AW22) + IF(AX22>=115%,115%,AX22) + IF(AY22>=200%,200%,AY22) + (IF(AZ22>=200%,200%,AZ22) + IF(BA22>=115%,115%,BA22) + IF(BB22>=150%,150%,BB22) + IF(BC22>=115%,115%,BC22) + IF(BD22>=115%,115%,BD22) + IF(BE22>=115%,115%,BE22) + IF(BF22>=115%,115%,BF22) + IF(BG22>=115%,115%,BG22) + IF(BH22>=115%,115%,BH22)))/_xlfn.XLOOKUP(F22,Apuração!A:A,Apuração!B:B)>=1.15,1.15,((IF(AZ22>=200%,200%,AZ22) + IF(AX22>=115%,115%,AX22) + IF(AY22>=200%,200%,AY22) + (IF(AW22>=115%,115%,AW22) + IF(BA22>=115%,115%,BA22) + IF(BB22>=150%,150%,BB22) + IF(BC22>=115%,115%,BC22) + IF(BD22>=115%,115%,BD22) + IF(BE22>=115%,115%,BE22) + IF(BF22>=115%,115%,BF22) + IF(BG22>=115%,115%,BG22) + IF(BH22>=115%,115%,BH22)))/_xlfn.XLOOKUP(F22,Apuração!A:A,Apuração!B:B))) -> 0.1 | BL22: {=IF(SUM(IFERROR(IF(INDEX(AW22:INDEX(AW22:BH22, MATCH(2, 1/(AW22:BH22<>""), 1)-1), ROW(INDIRECT("1:" & MATCH(2, 1/(AW22:BH22<>""), 1)-1))) >= 115%, 115%, INDEX(AW22:INDEX(AW22:BH22, MATCH(2, 1/(AW22:BH22<>""), 1)-1), ROW(INDIRECT("1:" & MATCH(2, 1/(AW22:BH22<>""), 1)-1)))), 0))/_xlfn.XLOOKUP(F22,Apuração!A:A,Apuração!B:B)>=1.15,1.15,SUM(IFERROR(IF(INDEX(AW22:INDEX(AW22:BH22, MATCH(2, 1/(AW22:BH22<>""), 1)-1), ROW(INDIRECT("1:" & MATCH(2, 1/(AW22:BH22<>""), 1)-1))) >= 115%, 115%, INDEX(AW22:INDEX(AW22:BH22, MATCH(2, 1/(AW22:BH22<>""), 1)-1), ROW(INDIRECT("1:" & MATCH(2, 1/(AW22:BH22<>""), 1)-1)))), 0))/_xlfn.XLOOKUP(F22,Apuração!A:A,Apuração!B:B))} -> 0.1 | BM22: {=IFERROR( INDEX($AW$1:$BH$1, _xlfn.AGGREGATE(14, 6, COLUMN($AW$1:$BH$1)/(AW22:BH22<>""), 2) - COLUMN($AW$1) + 1 ), "")} -> 46082 | BN22: {=IFERROR(INDEX($AW$1:$BH$1,1,MATCH(2,1/(AW22:BH22<>""))),"")} -> 46113 | BO22: =IFERROR(_xlfn.XLOOKUP(F22,Apuração!A:A,Apuração!C:C)/_xlfn.XLOOKUP(F22,Apuração!A:A,Apuração!B:B),0) -> 0.3 | BP22: =IFERROR(_xlfn.XLOOKUP(F22,Apuração!A:A,Apuração!D:D)/_xlfn.XLOOKUP(F22,Apuração!A:A,Apuração!B:B),0) -> 0.2 | BQ22: =IF(BK22>=BO22,0,_xlfn.XLOOKUP(F22,Apuração!A:A,Apuração!B:B)*(BO22 + (1/_xlfn.XLOOKUP(F22,Apuração!A:A,Apuração!B:B)) - BK22)) -> 3 | BR22: =IF(BQ22=0,0,BQ22*Z22) -> 6 | BS22: =IFERROR((_xlfn.XLOOKUP(F22,Apuração!A:A,Apuração!C:C)+1)/_xlfn.XLOOKUP(F22,Apuração!A:A,Apuração!B:B),0) -> 0.4
A23: POPULAÇÃO | B23: E+Segurança : construção civil | C23: AL | D23: LESTE | E23: {=_xlfn.IFS( F23 = "A partir de Abril", "Aguardando Execução na Distribuidora", A23 = "CAPACITAÇÃO", "Em execução no Corporativo", TRUE, "Em Execução na Distribuidora" )} -> Em Execução na Distribuidora | F23: {=_xlfn.IFS( AG23 <> "", "Jan-Dez/26", AH23 <> "", "Fev-Dez/26", AI23 <> "", "Mar-Dez/26", AJ23 <> "", "Abr-Dez/26", TRUE, "A partir de Junho" )} -> Mar-Dez/26 | G23: Iniciada | H23: P1 | I23: (N° de ações planejadas/N° de ações realizadas)*100 | J23: {=_xlfn.LET( _xlpm.actual_value_month, INDEX(T23:AE23, MATCH(DATE(YEAR(TODAY()), MONTH(TODAY()), 1), $T$1:$AE$1, 0)), IF(_xlpm.actual_value_month <> "",_xlpm.actual_value_month & " eventos mensais", "") )} -> 1 eventos mensais | K23: {=_xlfn.LET( _xlpm.sum_month, SUM(T23:AE23), IF(_xlpm.sum_month = 0, "", _xlpm.sum_month & " eventos no ano") )} -> 10 eventos no ano | L23: Quantidade de eventos realizados​ | M23: 01 palestra realizada por mês por regional | N23: Indicador | O23: Percentual | P23: Seg Comunidade | Q23: Indicador das ações | R23: Índice de Compromisso com a Cultura de Segurança (ICCS) | S23: Indicadores de impacto e compromisso em segurança | V23: 1 | W23: 1 | X23: 1 | Y23: 1 | Z23: 1 | AA23: 1 | AB23: 1 | AC23: 1 | AD23: 1 | AE23: 1 | AI23: 1 | AJ23: 0 | AS23: =IF(MONTH(TODAY())=3,SUM(T23:U23),IF(MONTH(TODAY())=4,SUM(T23:V23),IF(MONTH(TODAY())=5,SUM(T23:W23),IF(MONTH(TODAY())=6,SUM(T23:X23),IF(MONTH(TODAY())=7,SUM(T23:Y23),IF(MONTH(TODAY())=8,SUM(T23:Z23),IF(MONTH(TODAY())=9,SUM(T23:AA23),IF(MONTH(TODAY())=10,SUM(T23:AB23),IF(MONTH(TODAY())=11,SUM(T23:AC23),IF(MONTH(TODAY())=12,SUM(T23:AD23),IF(MONTH(TODAY())=1,SUM(T23:AE23),T23))))))))))) -> 3 | AT23: =SUM(IF(AW23<1.15,AG23,1.15*T23),IF(AX23<1.15,AH23,1.15*U23),IF(AY23<1.15,AI23,1.15*V23),IF(AZ23<1.15,AJ23,1.15*W23),IF(BA23<1.15,AK23,1.15*X23),IF(BB23<1.15,AL23,1.15*Y23),IF(BC23<1.15,AM23,1.15*Z23),IF(BD23<1.15,AN23,1.15*AA23),IF(BE23<1.15,AO23,1.15*AB23),IF(BF23<1.15,AP23,1.15*AC23),IF(BG23<1.15,AQ23,1.15*AD23),IF(BH23<1.15,AR23,1.15*AE23)) -> 1 | AU23: =SUM(AG23:AR23) -> 1 | AW23: =IFERROR(IF(AG23="",0,AG23/T23),0) -> 0 | AX23: =IFERROR(IF(AH23="",0,AH23/U23),0) -> 0 | AY23: =IFERROR(IF(AI23="",0,AI23/V23),0) -> 1 | AZ23: =IFERROR(IF(AJ23="",0,AJ23/W23),0) -> 0 | BI23: {=IFERROR(INDEX(AW23:BH23,1,MATCH(2,1/(AW23:BH23<>""))),"")} -> 0 | BJ23: {=IF(BM23 = "", "",IFERROR(INDEX(AW23:BH23,1,MATCH(2,1/(AW23:BH23<>""),1)-1),""))} -> 1 | BK23: =IF((IF(AW23>=115%,115%,AW23) + IF(AX23>=115%,115%,AX23) + IF(AY23>=200%,200%,AY23) + (IF(AZ23>=200%,200%,AZ23) + IF(BA23>=115%,115%,BA23) + IF(BB23>=150%,150%,BB23) + IF(BC23>=115%,115%,BC23) + IF(BD23>=115%,115%,BD23) + IF(BE23>=115%,115%,BE23) + IF(BF23>=115%,115%,BF23) + IF(BG23>=115%,115%,BG23) + IF(BH23>=115%,115%,BH23)))/_xlfn.XLOOKUP(F23,Apuração!A:A,Apuração!B:B)>=1.15,1.15,((IF(AZ23>=200%,200%,AZ23) + IF(AX23>=115%,115%,AX23) + IF(AY23>=200%,200%,AY23) + (IF(AW23>=115%,115%,AW23) + IF(BA23>=115%,115%,BA23) + IF(BB23>=150%,150%,BB23) + IF(BC23>=115%,115%,BC23) + IF(BD23>=115%,115%,BD23) + IF(BE23>=115%,115%,BE23) + IF(BF23>=115%,115%,BF23) + IF(BG23>=115%,115%,BG23) + IF(BH23>=115%,115%,BH23)))/_xlfn.XLOOKUP(F23,Apuração!A:A,Apuração!B:B))) -> 0.1 | BL23: {=IF(SUM(IFERROR(IF(INDEX(AW23:INDEX(AW23:BH23, MATCH(2, 1/(AW23:BH23<>""), 1)-1), ROW(INDIRECT("1:" & MATCH(2, 1/(AW23:BH23<>""), 1)-1))) >= 115%, 115%, INDEX(AW23:INDEX(AW23:BH23, MATCH(2, 1/(AW23:BH23<>""), 1)-1), ROW(INDIRECT("1:" & MATCH(2, 1/(AW23:BH23<>""), 1)-1)))), 0))/_xlfn.XLOOKUP(F23,Apuração!A:A,Apuração!B:B)>=1.15,1.15,SUM(IFERROR(IF(INDEX(AW23:INDEX(AW23:BH23, MATCH(2, 1/(AW23:BH23<>""), 1)-1), ROW(INDIRECT("1:" & MATCH(2, 1/(AW23:BH23<>""), 1)-1))) >= 115%, 115%, INDEX(AW23:INDEX(AW23:BH23, MATCH(2, 1/(AW23:BH23<>""), 1)-1), ROW(INDIRECT("1:" & MATCH(2, 1/(AW23:BH23<>""), 1)-1)))), 0))/_xlfn.XLOOKUP(F23,Apuração!A:A,Apuração!B:B))} -> 0.1 | BM23: {=IFERROR( INDEX($AW$1:$BH$1, _xlfn.AGGREGATE(14, 6, COLUMN($AW$1:$BH$1)/(AW23:BH23<>""), 2) - COLUMN($AW$1) + 1 ), "")} -> 46082 | BN23: {=IFERROR(INDEX($AW$1:$BH$1,1,MATCH(2,1/(AW23:BH23<>""))),"")} -> 46113 | BO23: =IFERROR(_xlfn.XLOOKUP(F23,Apuração!A:A,Apuração!C:C)/_xlfn.XLOOKUP(F23,Apuração!A:A,Apuração!B:B),0) -> 0.3 | BP23: =IFERROR(_xlfn.XLOOKUP(F23,Apuração!A:A,Apuração!D:D)/_xlfn.XLOOKUP(F23,Apuração!A:A,Apuração!B:B),0) -> 0.2 | BQ23: =IF(BK23>=BO23,0,_xlfn.XLOOKUP(F23,Apuração!A:A,Apuração!B:B)*(BO23 + (1/_xlfn.XLOOKUP(F23,Apuração!A:A,Apuração!B:B)) - BK23)) -> 3 | BR23: =IF(BQ23=0,0,BQ23*Z23) -> 3 | BS23: =IFERROR((_xlfn.XLOOKUP(F23,Apuração!A:A,Apuração!C:C)+1)/_xlfn.XLOOKUP(F23,Apuração!A:A,Apuração!B:B),0) -> 0.4
A24: POPULAÇÃO | B24: E+Segurança : construção civil | C24: AL | D24: OESTE | E24: {=_xlfn.IFS( F24 = "A partir de Abril", "Aguardando Execução na Distribuidora", A24 = "CAPACITAÇÃO", "Em execução no Corporativo", TRUE, "Em Execução na Distribuidora" )} -> Em Execução na Distribuidora | F24: {=_xlfn.IFS( AG24 <> "", "Jan-Dez/26", AH24 <> "", "Fev-Dez/26", AI24 <> "", "Mar-Dez/26", AJ24 <> "", "Abr-Dez/26", TRUE, "A partir de Junho" )} -> Abr-Dez/26 | G24: Iniciada | H24: P1 | I24: (N° de ações planejadas/N° de ações realizadas)*100 | J24: {=_xlfn.LET( _xlpm.actual_value_month, INDEX(T24:AE24, MATCH(DATE(YEAR(TODAY()), MONTH(TODAY()), 1), $T$1:$AE$1, 0)), IF(_xlpm.actual_value_month <> "",_xlpm.actual_value_month & " eventos mensais", "") )} -> 1 eventos mensais | K24: {=_xlfn.LET( _xlpm.sum_month, SUM(T24:AE24), IF(_xlpm.sum_month = 0, "", _xlpm.sum_month & " eventos no ano") )} -> 9 eventos no ano | L24: Quantidade de eventos realizados​ | M24: 01 palestra realizada por mês por regional | N24: Indicador | O24: Percentual | P24: Seg Comunidade | Q24: Indicador das ações | R24: Índice de Compromisso com a Cultura de Segurança (ICCS) | S24: Indicadores de impacto e compromisso em segurança | W24: 1 | X24: 1 | Y24: 1 | Z24: 1 | AA24: 1 | AB24: 1 | AC24: 1 | AD24: 1 | AE24: 1 | AJ24: 0 | AS24: =IF(MONTH(TODAY())=3,SUM(T24:U24),IF(MONTH(TODAY())=4,SUM(T24:V24),IF(MONTH(TODAY())=5,SUM(T24:W24),IF(MONTH(TODAY())=6,SUM(T24:X24),IF(MONTH(TODAY())=7,SUM(T24:Y24),IF(MONTH(TODAY())=8,SUM(T24:Z24),IF(MONTH(TODAY())=9,SUM(T24:AA24),IF(MONTH(TODAY())=10,SUM(T24:AB24),IF(MONTH(TODAY())=11,SUM(T24:AC24),IF(MONTH(TODAY())=12,SUM(T24:AD24),IF(MONTH(TODAY())=1,SUM(T24:AE24),T24))))))))))) -> 2 | AT24: =SUM(IF(AW24<1.15,AG24,1.15*T24),IF(AX24<1.15,AH24,1.15*U24),IF(AY24<1.15,AI24,1.15*V24),IF(AZ24<1.15,AJ24,1.15*W24),IF(BA24<1.15,AK24,1.15*X24),IF(BB24<1.15,AL24,1.15*Y24),IF(BC24<1.15,AM24,1.15*Z24),IF(BD24<1.15,AN24,1.15*AA24),IF(BE24<1.15,AO24,1.15*AB24),IF(BF24<1.15,AP24,1.15*AC24),IF(BG24<1.15,AQ24,1.15*AD24),IF(BH24<1.15,AR24,1.15*AE24)) -> 0 | AU24: =SUM(AG24:AR24) -> 0 | AW24: =IFERROR(IF(AG24="",0,AG24/T24),0) -> 0 | AX24: =IFERROR(IF(AH24="",0,AH24/U24),0) -> 0 | AY24: =IFERROR(IF(AI24="",0,AI24/V24),0) -> 0 | AZ24: =IFERROR(IF(AJ24="",0,AJ24/W24),0) -> 0 | BI24: {=IFERROR(INDEX(AW24:BH24,1,MATCH(2,1/(AW24:BH24<>""))),"")} -> 0 | BJ24: {=IF(BM24 = "", "",IFERROR(INDEX(AW24:BH24,1,MATCH(2,1/(AW24:BH24<>""),1)-1),""))} -> 0 | BK24: =IF((IF(AW24>=115%,115%,AW24) + IF(AX24>=115%,115%,AX24) + IF(AY24>=200%,200%,AY24) + (IF(AZ24>=200%,200%,AZ24) + IF(BA24>=115%,115%,BA24) + IF(BB24>=150%,150%,BB24) + IF(BC24>=115%,115%,BC24) + IF(BD24>=115%,115%,BD24) + IF(BE24>=115%,115%,BE24) + IF(BF24>=115%,115%,BF24) + IF(BG24>=115%,115%,BG24) + IF(BH24>=115%,115%,BH24)))/_xlfn.XLOOKUP(F24,Apuração!A:A,Apuração!B:B)>=1.15,1.15,((IF(AZ24>=200%,200%,AZ24) + IF(AX24>=115%,115%,AX24) + IF(AY24>=200%,200%,AY24) + (IF(AW24>=115%,115%,AW24) + IF(BA24>=115%,115%,BA24) + IF(BB24>=150%,150%,BB24) + IF(BC24>=115%,115%,BC24) + IF(BD24>=115%,115%,BD24) + IF(BE24>=115%,115%,BE24) + IF(BF24>=115%,115%,BF24) + IF(BG24>=115%,115%,BG24) + IF(BH24>=115%,115%,BH24)))/_xlfn.XLOOKUP(F24,Apuração!A:A,Apuração!B:B))) -> 0 | BL24: {=IF(SUM(IFERROR(IF(INDEX(AW24:INDEX(AW24:BH24, MATCH(2, 1/(AW24:BH24<>""), 1)-1), ROW(INDIRECT("1:" & MATCH(2, 1/(AW24:BH24<>""), 1)-1))) >= 115%, 115%, INDEX(AW24:INDEX(AW24:BH24, MATCH(2, 1/(AW24:BH24<>""), 1)-1), ROW(INDIRECT("1:" & MATCH(2, 1/(AW24:BH24<>""), 1)-1)))), 0))/_xlfn.XLOOKUP(F24,Apuração!A:A,Apuração!B:B)>=1.15,1.15,SUM(IFERROR(IF(INDEX(AW24:INDEX(AW24:BH24, MATCH(2, 1/(AW24:BH24<>""), 1)-1), ROW(INDIRECT("1:" & MATCH(2, 1/(AW24:BH24<>""), 1)-1))) >= 115%, 115%, INDEX(AW24:INDEX(AW24:BH24, MATCH(2, 1/(AW24:BH24<>""), 1)-1), ROW(INDIRECT("1:" & MATCH(2, 1/(AW24:BH24<>""), 1)-1)))), 0))/_xlfn.XLOOKUP(F24,Apuração!A:A,Apuração!B:B))} -> 0 | BM24: {=IFERROR( INDEX($AW$1:$BH$1, _xlfn.AGGREGATE(14, 6, COLUMN($AW$1:$BH$1)/(AW24:BH24<>""), 2) - COLUMN($AW$1) + 1 ), "")} -> 46082 | BN24: {=IFERROR(INDEX($AW$1:$BH$1,1,MATCH(2,1/(AW24:BH24<>""))),"")} -> 46113 | BO24: =IFERROR(_xlfn.XLOOKUP(F24,Apuração!A:A,Apuração!C:C)/_xlfn.XLOOKUP(F24,Apuração!A:A,Apuração!B:B),0) -> 0.22222222 | BP24: =IFERROR(_xlfn.XLOOKUP(F24,Apuração!A:A,Apuração!D:D)/_xlfn.XLOOKUP(F24,Apuração!A:A,Apuração!B:B),0) -> 0.11111111 | BQ24: =IF(BK24>=BO24,0,_xlfn.XLOOKUP(F24,Apuração!A:A,Apuração!B:B)*(BO24 + (1/_xlfn.XLOOKUP(F24,Apuração!A:A,Apuração!B:B)) - BK24)) -> 3 | BR24: =IF(BQ24=0,0,BQ24*Z24) -> 3 | BS24: =IFERROR((_xlfn.XLOOKUP(F24,Apuração!A:A,Apuração!C:C)+1)/_xlfn.XLOOKUP(F24,Apuração!A:A,Apuração!B:B),0) -> 0.33333333
A25: POPULAÇÃO | B25: E+Segurança : construção civil | C25: AL | D25: TODAS | E25: {=_xlfn.IFS( F25 = "A partir de Abril", "Aguardando Execução na Distribuidora", A25 = "CAPACITAÇÃO", "Em execução no Corporativo", TRUE, "Em Execução na Distribuidora" )} -> Em Execução na Distribuidora | F25: {=_xlfn.IFS( AG25 <> "", "Jan-Dez/26", AH25 <> "", "Fev-Dez/26", AI25 <> "", "Mar-Dez/26", AJ25 <> "", "Abr-Dez/26", TRUE, "A partir de Junho" )} -> Mar-Dez/26 | G25: Iniciada | H25: P1 | I25: Número de profissionais diretamente impactados | J25: {=_xlfn.LET( _xlpm.actual_value_month, INDEX(T25:AE25, MATCH(DATE(YEAR(TODAY()), MONTH(TODAY()), 1), $T$1:$AE$1, 0)), IF(_xlpm.actual_value_month <> "",_xlpm.actual_value_month & " ações mensais", "") )} | K25: {=_xlfn.LET( _xlpm.sum_month, SUM(T25:AE25), IF(_xlpm.sum_month = 0, "", _xlpm.sum_month & " pessoas impactadas no ano.") )} | L25: Número de profissionais diretamente impactados | M25: 1 | N25: Item de controle | O25: Número absoluto | P25: - | Q25: - | R25: - | S25: - | AI25: 23 | AJ25: 0 | AS25: =IF(MONTH(TODAY())=3,SUM(T25:U25),IF(MONTH(TODAY())=4,SUM(T25:V25),IF(MONTH(TODAY())=5,SUM(T25:W25),IF(MONTH(TODAY())=6,SUM(T25:X25),IF(MONTH(TODAY())=7,SUM(T25:Y25),IF(MONTH(TODAY())=8,SUM(T25:Z25),IF(MONTH(TODAY())=9,SUM(T25:AA25),IF(MONTH(TODAY())=10,SUM(T25:AB25),IF(MONTH(TODAY())=11,SUM(T25:AC25),IF(MONTH(TODAY())=12,SUM(T25:AD25),IF(MONTH(TODAY())=1,SUM(T25:AE25),T25))))))))))) -> 0 | AT25: =SUM(AG25:AR25) -> 23 | AU25: =SUM(AG25:AR25) -> 23 | AW25: =AG25 -> 0 | AX25: =AH25 -> 0 | AY25: =AI25 -> 23 | AZ25: =AJ25 -> 0 | BI25: {=IFERROR(INDEX(AW25:BH25,1,MATCH(2,1/(AW25:BH25<>""))),"")} -> 0 | BJ25: {=IF(BM25 = "", "",IFERROR(INDEX(AW25:BH25,1,MATCH(2,1/(AW25:BH25<>""),1)-1),""))} -> 23 | BK25: =SUM(AW25:BH25) -> 23 | BL25: {=IFERROR(SUM(AW25:INDEX(AW25:BH25, MATCH(2, 1/(AW25:BH25<>""), 1) - 1))/_xlfn.XLOOKUP(F25,Apuração!A:A,Apuração!B:B),0)} -> 2.3 | BM25: {=IFERROR( INDEX($AW$1:$BH$1, _xlfn.AGGREGATE(14, 6, COLUMN($AW$1:$BH$1)/(AW25:BH25<>""), 2) - COLUMN($AW$1) + 1 ), "")} -> 46082 | BN25: {=IFERROR(INDEX($AW$1:$BH$1,1,MATCH(2,1/(AW25:BH25<>""))),"")} -> 46113 | BO25: =IFERROR(_xlfn.XLOOKUP(F25,Apuração!A:A,Apuração!C:C)/_xlfn.XLOOKUP(F25,Apuração!A:A,Apuração!B:B),0) -> 0.3 | BP25: =IFERROR(_xlfn.XLOOKUP(F25,Apuração!A:A,Apuração!D:D)/_xlfn.XLOOKUP(F25,Apuração!A:A,Apuração!B:B),0) -> 0.2 | BQ25: =IF(BK25>=BO25,0,_xlfn.XLOOKUP(F25,Apuração!A:A,Apuração!B:B)*(BO25 + (1/_xlfn.XLOOKUP(F25,Apuração!A:A,Apuração!B:B)) - BK25)) -> 0 | BR25: =IF(BQ25=0,0,BQ25*Z25) -> 0 | BS25: =IFERROR((_xlfn.XLOOKUP(F25,Apuração!A:A,Apuração!C:C)+1)/_xlfn.XLOOKUP(F25,Apuração!A:A,Apuração!B:B),0) -> 0.4
A26: POPULAÇÃO | B26: E+Segurança : construção civil | C26: AL | D26: LESTE | E26: {=_xlfn.IFS( F26 = "A partir de Abril", "Aguardando Execução na Distribuidora", A26 = "CAPACITAÇÃO", "Em execução no Corporativo", TRUE, "Em Execução na Distribuidora" )} -> Em Execução na Distribuidora | F26: {=_xlfn.IFS( AG26 <> "", "Jan-Dez/26", AH26 <> "", "Fev-Dez/26", AI26 <> "", "Mar-Dez/26", AJ26 <> "", "Abr-Dez/26", TRUE, "A partir de Junho" )} -> Mar-Dez/26 | G26: Iniciada | H26: P1 | I26: Número de profissionais diretamente impactados | J26: {=_xlfn.LET( _xlpm.actual_value_month, INDEX(T26:AE26, MATCH(DATE(YEAR(TODAY()), MONTH(TODAY()), 1), $T$1:$AE$1, 0)), IF(_xlpm.actual_value_month <> "",_xlpm.actual_value_month & " ações mensais", "") )} | K26: {=_xlfn.LET( _xlpm.sum_month, SUM(T26:AE26), IF(_xlpm.sum_month = 0, "", _xlpm.sum_month & " pessoas impactadas no ano.") )} | L26: Número de profissionais diretamente impactados | M26: 1 | N26: Item de controle | O26: Número absoluto | P26: - | Q26: - | R26: - | S26: - | AI26: 23 | AJ26: 0 | AS26: =IF(MONTH(TODAY())=3,SUM(T26:U26),IF(MONTH(TODAY())=4,SUM(T26:V26),IF(MONTH(TODAY())=5,SUM(T26:W26),IF(MONTH(TODAY())=6,SUM(T26:X26),IF(MONTH(TODAY())=7,SUM(T26:Y26),IF(MONTH(TODAY())=8,SUM(T26:Z26),IF(MONTH(TODAY())=9,SUM(T26:AA26),IF(MONTH(TODAY())=10,SUM(T26:AB26),IF(MONTH(TODAY())=11,SUM(T26:AC26),IF(MONTH(TODAY())=12,SUM(T26:AD26),IF(MONTH(TODAY())=1,SUM(T26:AE26),T26))))))))))) -> 0 | AT26: =SUM(AG26:AR26) -> 23 | AU26: =SUM(AG26:AR26) -> 23 | AW26: =AG26 -> 0 | AX26: =AH26 -> 0 | AY26: =AI26 -> 23 | AZ26: =AJ26 -> 0 | BI26: {=IFERROR(INDEX(AW26:BH26,1,MATCH(2,1/(AW26:BH26<>""))),"")} -> 0 | BJ26: {=IF(BM26 = "", "",IFERROR(INDEX(AW26:BH26,1,MATCH(2,1/(AW26:BH26<>""),1)-1),""))} -> 23 | BK26: =SUM(AW26:BH26) -> 23 | BL26: {=IFERROR(SUM(AW26:INDEX(AW26:BH26, MATCH(2, 1/(AW26:BH26<>""), 1) - 1))/_xlfn.XLOOKUP(F26,Apuração!A:A,Apuração!B:B),0)} -> 2.3 | BM26: {=IFERROR( INDEX($AW$1:$BH$1, _xlfn.AGGREGATE(14, 6, COLUMN($AW$1:$BH$1)/(AW26:BH26<>""), 2) - COLUMN($AW$1) + 1 ), "")} -> 46082 | BN26: {=IFERROR(INDEX($AW$1:$BH$1,1,MATCH(2,1/(AW26:BH26<>""))),"")} -> 46113 | BO26: =IFERROR(_xlfn.XLOOKUP(F26,Apuração!A:A,Apuração!C:C)/_xlfn.XLOOKUP(F26,Apuração!A:A,Apuração!B:B),0) -> 0.3 | BP26: =IFERROR(_xlfn.XLOOKUP(F26,Apuração!A:A,Apuração!D:D)/_xlfn.XLOOKUP(F26,Apuração!A:A,Apuração!B:B),0) -> 0.2 | BQ26: =IF(BK26>=BO26,0,_xlfn.XLOOKUP(F26,Apuração!A:A,Apuração!B:B)*(BO26 + (1/_xlfn.XLOOKUP(F26,Apuração!A:A,Apuração!B:B)) - BK26)) -> 0 | BR26: =IF(BQ26=0,0,BQ26*Z26) -> 0 | BS26: =IFERROR((_xlfn.XLOOKUP(F26,Apuração!A:A,Apuração!C:C)+1)/_xlfn.XLOOKUP(F26,Apuração!A:A,Apuração!B:B),0) -> 0.4
A27: POPULAÇÃO | B27: E+Segurança : construção civil | C27: AL | D27: OESTE | E27: {=_xlfn.IFS( F27 = "A partir de Abril", "Aguardando Execução na Distribuidora", A27 = "CAPACITAÇÃO", "Em execução no Corporativo", TRUE, "Em Execução na Distribuidora" )} -> Em Execução na Distribuidora | F27: {=_xlfn.IFS( AG27 <> "", "Jan-Dez/26", AH27 <> "", "Fev-Dez/26", AI27 <> "", "Mar-Dez/26", AJ27 <> "", "Abr-Dez/26", TRUE, "A partir de Junho" )} -> Abr-Dez/26 | G27: Iniciada | H27: P1 | I27: Número de profissionais diretamente impactados | J27: {=_xlfn.LET( _xlpm.actual_value_month, INDEX(T27:AE27, MATCH(DATE(YEAR(TODAY()), MONTH(TODAY()), 1), $T$1:$AE$1, 0)), IF(_xlpm.actual_value_month <> "",_xlpm.actual_value_month & " ações mensais", "") )} | K27: {=_xlfn.LET( _xlpm.sum_month, SUM(T27:AE27), IF(_xlpm.sum_month = 0, "", _xlpm.sum_month & " pessoas impactadas no ano.") )} | L27: Número de profissionais diretamente impactados | M27: 1 | N27: Item de controle | O27: Número absoluto | P27: - | Q27: - | R27: - | S27: - | AJ27: 0 | AS27: =IF(MONTH(TODAY())=3,SUM(T27:U27),IF(MONTH(TODAY())=4,SUM(T27:V27),IF(MONTH(TODAY())=5,SUM(T27:W27),IF(MONTH(TODAY())=6,SUM(T27:X27),IF(MONTH(TODAY())=7,SUM(T27:Y27),IF(MONTH(TODAY())=8,SUM(T27:Z27),IF(MONTH(TODAY())=9,SUM(T27:AA27),IF(MONTH(TODAY())=10,SUM(T27:AB27),IF(MONTH(TODAY())=11,SUM(T27:AC27),IF(MONTH(TODAY())=12,SUM(T27:AD27),IF(MONTH(TODAY())=1,SUM(T27:AE27),T27))))))))))) -> 0 | AT27: =SUM(AG27:AR27) -> 0 | AU27: =SUM(AG27:AR27) -> 0 | AW27: =AG27 -> 0 | AX27: =AH27 -> 0 | AY27: =AI27 -> 0 | AZ27: =AJ27 -> 0 | BI27: {=IFERROR(INDEX(AW27:BH27,1,MATCH(2,1/(AW27:BH27<>""))),"")} -> 0 | BJ27: {=IF(BM27 = "", "",IFERROR(INDEX(AW27:BH27,1,MATCH(2,1/(AW27:BH27<>""),1)-1),""))} -> 0 | BK27: =SUM(AW27:BH27) -> 0 | BL27: {=IFERROR(SUM(AW27:INDEX(AW27:BH27, MATCH(2, 1/(AW27:BH27<>""), 1) - 1))/_xlfn.XLOOKUP(F27,Apuração!A:A,Apuração!B:B),0)} -> 0 | BM27: {=IFERROR( INDEX($AW$1:$BH$1, _xlfn.AGGREGATE(14, 6, COLUMN($AW$1:$BH$1)/(AW27:BH27<>""), 2) - COLUMN($AW$1) + 1 ), "")} -> 46082 | BN27: {=IFERROR(INDEX($AW$1:$BH$1,1,MATCH(2,1/(AW27:BH27<>""))),"")} -> 46113 | BO27: =IFERROR(_xlfn.XLOOKUP(F27,Apuração!A:A,Apuração!C:C)/_xlfn.XLOOKUP(F27,Apuração!A:A,Apuração!B:B),0) -> 0.22222222 | BP27: =IFERROR(_xlfn.XLOOKUP(F27,Apuração!A:A,Apuração!D:D)/_xlfn.XLOOKUP(F27,Apuração!A:A,Apuração!B:B),0) -> 0.11111111 | BQ27: =IF(BK27>=BO27,0,_xlfn.XLOOKUP(F27,Apuração!A:A,Apuração!B:B)*(BO27 + (1/_xlfn.XLOOKUP(F27,Apuração!A:A,Apuração!B:B)) - BK27)) -> 3 | BR27: =IF(BQ27=0,0,BQ27*Z27) -> 0 | BS27: =IFERROR((_xlfn.XLOOKUP(F27,Apuração!A:A,Apuração!C:C)+1)/_xlfn.XLOOKUP(F27,Apuração!A:A,Apuração!B:B),0) -> 0.33333333
A28: POPULAÇÃO | B28: E+Segurança: ações nas escolas | C28: AL | D28: TODAS | E28: {=_xlfn.IFS( F28 = "A partir de Abril", "Aguardando Execução na Distribuidora", A28 = "CAPACITAÇÃO", "Em execução no Corporativo", TRUE, "Em Execução na Distribuidora" )} -> Em Execução na Distribuidora | F28: {=_xlfn.IFS( AG28 <> "", "Jan-Dez/26", AH28 <> "", "Fev-Dez/26", AI28 <> "", "Mar-Dez/26", AJ28 <> "", "Abr-Dez/26", TRUE, "A partir de Junho" )} -> Fev-Dez/26 | G28: Iniciada | H28: P3 | I28: (N° de ações planejadas/N° de ações realizadas)*100 | J28: {=_xlfn.LET( _xlpm.actual_value_month, INDEX(T28:AE28, MATCH(DATE(YEAR(TODAY()), MONTH(TODAY()), 1), $T$1:$AE$1, 0)), IF(_xlpm.actual_value_month <> "",_xlpm.actual_value_month & " eventos mensais", "") )} -> 4 eventos mensais | K28: {=_xlfn.LET( _xlpm.sum_month, SUM(T28:AE28), IF(_xlpm.sum_month = 0, "", _xlpm.sum_month & " eventos no ano") )} -> 34 eventos no ano | L28: Percentual de eventos realizados​ | M28: 02 eventos em escolas por mês por regional | N28: Indicador | O28: Percentual | P28: - | Q28: Indicador de benefício | R28: - | S28: - | U28: 4 | V28: 2 | W28: 4 | X28: 4 | Y28: 4 | AA28: 4 | AB28: 4 | AC28: 4 | AD28: 4 | AH28: 4 | AI28: 2 | AJ28: 9 | AS28: =IF(MONTH(TODAY())=3,SUM(T28:U28),IF(MONTH(TODAY())=4,SUM(T28:V28),IF(MONTH(TODAY())=5,SUM(T28:W28),IF(MONTH(TODAY())=6,SUM(T28:X28),IF(MONTH(TODAY())=7,SUM(T28:Y28),IF(MONTH(TODAY())=8,SUM(T28:Z28),IF(MONTH(TODAY())=9,SUM(T28:AA28),IF(MONTH(TODAY())=10,SUM(T28:AB28),IF(MONTH(TODAY())=11,SUM(T28:AC28),IF(MONTH(TODAY())=12,SUM(T28:AD28),IF(MONTH(TODAY())=1,SUM(T28:AE28),T28))))))))))) -> 14 | AT28: =SUM(IF(AW28<1.15,AG28,1.15*T28),IF(AX28<1.15,AH28,1.15*U28),IF(AY28<1.15,AI28,1.15*V28),IF(AZ28<1.15,AJ28,1.15*W28),IF(BA28<1.15,AK28,1.15*X28),IF(BB28<1.15,AL28,1.15*Y28),IF(BC28<1.15,AM28,1.15*Z28),IF(BD28<1.15,AN28,1.15*AA28),IF(BE28<1.15,AO28,1.15*AB28),IF(BF28<1.15,AP28,1.15*AC28),IF(BG28<1.15,AQ28,1.15*AD28),IF(BH28<1.15,AR28,1.15*AE28)) -> 10.6 | AU28: =SUM(AG28:AR28) -> 15 | AW28: =IFERROR(IF(AG28="",0,AG28/T28),0) -> 0 | AX28: =IFERROR(IF(AH28="",0,AH28/U28),0) -> 1 | AY28: =IFERROR(IF(AI28="",0,AI28/V28),0) -> 1 | AZ28: =IFERROR(IF(AJ28="",0,AJ28/W28),0) -> 2.25 | BI28: {=IFERROR(INDEX(AW28:BH28,1,MATCH(2,1/(AW28:BH28<>""))),"")} -> 2.25 | BJ28: {=IF(BM28 = "", "",IFERROR(INDEX(AW28:BH28,1,MATCH(2,1/(AW28:BH28<>""),1)-1),""))} -> 1 | BK28: =IF((IF(AW28>=115%,115%,AW28) + IF(AX28>=115%,115%,AX28) + IF(AY28>=115%,115%,AY28) + (IF(AZ28>=115%,115%,AZ28) + IF(BA28>=115%,115%,BA28) + IF(BB28>=115%,115%,BB28) + IF(BC28>=115%,115%,BC28) + IF(BD28>=115%,115%,BD28) + IF(BE28>=115%,115%,BE28) + IF(BF28>=115%,115%,BF28) + IF(BG28>=115%,115%,BG28) + IF(BH28>=115%,115%,BH28)))/_xlfn.XLOOKUP(F28,Apuração!A:A,Apuração!B:B)>=1.15,1.15,((IF(AZ28>=115%,115%,AZ28) + IF(AX28>=115%,115%,AX28) + IF(AY28>=115%,115%,AY28) + (IF(AW28>=115%,115%,AW28) + IF(BA28>=115%,115%,BA28) + IF(BB28>=115%,115%,BB28) + IF(BC28>=115%,115%,BC28) + IF(BD28>=115%,115%,BD28) + IF(BE28>=115%,115%,BE28) + IF(BF28>=115%,115%,BF28) + IF(BG28>=115%,115%,BG28) + IF(BH28>=115%,115%,BH28)))/_xlfn.XLOOKUP(F28,Apuração!A:A,Apuração!B:B))) -> 0.28636364 | BL28: {=IF(SUM(IFERROR(IF(INDEX(AW28:INDEX(AW28:BH28, MATCH(2, 1/(AW28:BH28<>""), 1)-1), ROW(INDIRECT("1:" & MATCH(2, 1/(AW28:BH28<>""), 1)-1))) >= 115%, 115%, INDEX(AW28:INDEX(AW28:BH28, MATCH(2, 1/(AW28:BH28<>""), 1)-1), ROW(INDIRECT("1:" & MATCH(2, 1/(AW28:BH28<>""), 1)-1)))), 0))/_xlfn.XLOOKUP(F28,Apuração!A:A,Apuração!B:B)>=1.15,1.15,SUM(IFERROR(IF(INDEX(AW28:INDEX(AW28:BH28, MATCH(2, 1/(AW28:BH28<>""), 1)-1), ROW(INDIRECT("1:" & MATCH(2, 1/(AW28:BH28<>""), 1)-1))) >= 115%, 115%, INDEX(AW28:INDEX(AW28:BH28, MATCH(2, 1/(AW28:BH28<>""), 1)-1), ROW(INDIRECT("1:" & MATCH(2, 1/(AW28:BH28<>""), 1)-1)))), 0))/_xlfn.XLOOKUP(F28,Apuração!A:A,Apuração!B:B))} -> 0.18181818 | BM28: {=IFERROR( INDEX($AW$1:$BH$1, _xlfn.AGGREGATE(14, 6, COLUMN($AW$1:$BH$1)/(AW28:BH28<>""), 2) - COLUMN($AW$1) + 1 ), "")} -> 46082 | BN28: {=IFERROR(INDEX($AW$1:$BH$1,1,MATCH(2,1/(AW28:BH28<>""))),"")} -> 46113 | BO28: =IFERROR(_xlfn.XLOOKUP(F28,Apuração!A:A,Apuração!C:C)/_xlfn.XLOOKUP(F28,Apuração!A:A,Apuração!B:B),0) -> 0.36363636 | BP28: =IFERROR(_xlfn.XLOOKUP(F28,Apuração!A:A,Apuração!D:D)/_xlfn.XLOOKUP(F28,Apuração!A:A,Apuração!B:B),0) -> 0.27272727 | BQ28: =IF(BK28>=BO28,0,_xlfn.XLOOKUP(F28,Apuração!A:A,Apuração!B:B)*(BO28 + (1/_xlfn.XLOOKUP(F28,Apuração!A:A,Apuração!B:B)) - BK28)) -> 1.85 | BR28: =IF(BQ28=0,0,BQ28*Z28) -> 0 | BS28: =IFERROR((_xlfn.XLOOKUP(F28,Apuração!A:A,Apuração!C:C)+1)/_xlfn.XLOOKUP(F28,Apuração!A:A,Apuração!B:B),0) -> 0.45454545
A29: POPULAÇÃO | B29: E+Segurança: ações nas escolas | C29: AL | D29: LESTE | E29: {=_xlfn.IFS( F29 = "A partir de Abril", "Aguardando Execução na Distribuidora", A29 = "CAPACITAÇÃO", "Em execução no Corporativo", TRUE, "Em Execução na Distribuidora" )} -> Em Execução na Distribuidora | F29: {=_xlfn.IFS( AG29 <> "", "Jan-Dez/26", AH29 <> "", "Fev-Dez/26", AI29 <> "", "Mar-Dez/26", AJ29 <> "", "Abr-Dez/26", TRUE, "A partir de Junho" )} -> Fev-Dez/26 | G29: Iniciada | H29: P3 | I29: (N° de ações planejadas/N° de ações realizadas)*100 | J29: {=_xlfn.LET( _xlpm.actual_value_month, INDEX(T29:AE29, MATCH(DATE(YEAR(TODAY()), MONTH(TODAY()), 1), $T$1:$AE$1, 0)), IF(_xlpm.actual_value_month <> "",_xlpm.actual_value_month & " eventos mensais", "") )} -> 2 eventos mensais | K29: {=_xlfn.LET( _xlpm.sum_month, SUM(T29:AE29), IF(_xlpm.sum_month = 0, "", _xlpm.sum_month & " eventos no ano") )} -> 22 eventos no ano | L29: Percentual de eventos realizados​ | M29: 02 eventos em escolas por mês por regional | N29: Indicador | O29: Percentual | P29: - | Q29: Indicador de benefício | R29: - | S29: - | U29: 3 | V29: 1 | W29: 2 | X29: 2 | Y29: 2 | Z29: 2 | AA29: 2 | AB29: 2 | AC29: 2 | AD29: 2 | AE29: 2 | AH29: 3 | AI29: 1 | AJ29: 0 | AS29: =IF(MONTH(TODAY())=3,SUM(T29:U29),IF(MONTH(TODAY())=4,SUM(T29:V29),IF(MONTH(TODAY())=5,SUM(T29:W29),IF(MONTH(TODAY())=6,SUM(T29:X29),IF(MONTH(TODAY())=7,SUM(T29:Y29),IF(MONTH(TODAY())=8,SUM(T29:Z29),IF(MONTH(TODAY())=9,SUM(T29:AA29),IF(MONTH(TODAY())=10,SUM(T29:AB29),IF(MONTH(TODAY())=11,SUM(T29:AC29),IF(MONTH(TODAY())=12,SUM(T29:AD29),IF(MONTH(TODAY())=1,SUM(T29:AE29),T29))))))))))) -> 8 | AT29: =SUM(IF(AW29<1.15,AG29,1.15*T29),IF(AX29<1.15,AH29,1.15*U29),IF(AY29<1.15,AI29,1.15*V29),IF(AZ29<1.15,AJ29,1.15*W29),IF(BA29<1.15,AK29,1.15*X29),IF(BB29<1.15,AL29,1.15*Y29),IF(BC29<1.15,AM29,1.15*Z29),IF(BD29<1.15,AN29,1.15*AA29),IF(BE29<1.15,AO29,1.15*AB29),IF(BF29<1.15,AP29,1.15*AC29),IF(BG29<1.15,AQ29,1.15*AD29),IF(BH29<1.15,AR29,1.15*AE29)) -> 4 | AU29: =SUM(AG29:AR29) -> 4 | AW29: =IFERROR(IF(AG29="",0,AG29/T29),0) -> 0 | AX29: =IFERROR(IF(AH29="",0,AH29/U29),0) -> 1 | AY29: =IFERROR(IF(AI29="",0,AI29/V29),0) -> 1 | AZ29: =IFERROR(IF(AJ29="",0,AJ29/W29),0) -> 0 | BI29: {=IFERROR(INDEX(AW29:BH29,1,MATCH(2,1/(AW29:BH29<>""))),"")} -> 0 | BJ29: {=IF(BM29 = "", "",IFERROR(INDEX(AW29:BH29,1,MATCH(2,1/(AW29:BH29<>""),1)-1),""))} -> 1 | BK29: =IF((IF(AW29>=115%,115%,AW29) + IF(AX29>=115%,115%,AX29) + IF(AY29>=115%,115%,AY29) + (IF(AZ29>=115%,115%,AZ29) + IF(BA29>=115%,115%,BA29) + IF(BB29>=115%,115%,BB29) + IF(BC29>=115%,115%,BC29) + IF(BD29>=115%,115%,BD29) + IF(BE29>=115%,115%,BE29) + IF(BF29>=115%,115%,BF29) + IF(BG29>=115%,115%,BG29) + IF(BH29>=115%,115%,BH29)))/_xlfn.XLOOKUP(F29,Apuração!A:A,Apuração!B:B)>=1.15,1.15,((IF(AZ29>=115%,115%,AZ29) + IF(AX29>=115%,115%,AX29) + IF(AY29>=115%,115%,AY29) + (IF(AW29>=115%,115%,AW29) + IF(BA29>=115%,115%,BA29) + IF(BB29>=115%,115%,BB29) + IF(BC29>=115%,115%,BC29) + IF(BD29>=115%,115%,BD29) + IF(BE29>=115%,115%,BE29) + IF(BF29>=115%,115%,BF29) + IF(BG29>=115%,115%,BG29) + IF(BH29>=115%,115%,BH29)))/_xlfn.XLOOKUP(F29,Apuração!A:A,Apuração!B:B))) -> 0.18181818 | BL29: {=IF(SUM(IFERROR(IF(INDEX(AW29:INDEX(AW29:BH29, MATCH(2, 1/(AW29:BH29<>""), 1)-1), ROW(INDIRECT("1:" & MATCH(2, 1/(AW29:BH29<>""), 1)-1))) >= 115%, 115%, INDEX(AW29:INDEX(AW29:BH29, MATCH(2, 1/(AW29:BH29<>""), 1)-1), ROW(INDIRECT("1:" & MATCH(2, 1/(AW29:BH29<>""), 1)-1)))), 0))/_xlfn.XLOOKUP(F29,Apuração!A:A,Apuração!B:B)>=1.15,1.15,SUM(IFERROR(IF(INDEX(AW29:INDEX(AW29:BH29, MATCH(2, 1/(AW29:BH29<>""), 1)-1), ROW(INDIRECT("1:" & MATCH(2, 1/(AW29:BH29<>""), 1)-1))) >= 115%, 115%, INDEX(AW29:INDEX(AW29:BH29, MATCH(2, 1/(AW29:BH29<>""), 1)-1), ROW(INDIRECT("1:" & MATCH(2, 1/(AW29:BH29<>""), 1)-1)))), 0))/_xlfn.XLOOKUP(F29,Apuração!A:A,Apuração!B:B))} -> 0.18181818 | BM29: {=IFERROR( INDEX($AW$1:$BH$1, _xlfn.AGGREGATE(14, 6, COLUMN($AW$1:$BH$1)/(AW29:BH29<>""), 2) - COLUMN($AW$1) + 1 ), "")} -> 46082 | BN29: {=IFERROR(INDEX($AW$1:$BH$1,1,MATCH(2,1/(AW29:BH29<>""))),"")} -> 46113 | BO29: =IFERROR(_xlfn.XLOOKUP(F29,Apuração!A:A,Apuração!C:C)/_xlfn.XLOOKUP(F29,Apuração!A:A,Apuração!B:B),0) -> 0.36363636 | BP29: =IFERROR(_xlfn.XLOOKUP(F29,Apuração!A:A,Apuração!D:D)/_xlfn.XLOOKUP(F29,Apuração!A:A,Apuração!B:B),0) -> 0.27272727 | BQ29: =IF(BK29>=BO29,0,_xlfn.XLOOKUP(F29,Apuração!A:A,Apuração!B:B)*(BO29 + (1/_xlfn.XLOOKUP(F29,Apuração!A:A,Apuração!B:B)) - BK29)) -> 3 | BR29: =IF(BQ29=0,0,BQ29*Z29) -> 6 | BS29: =IFERROR((_xlfn.XLOOKUP(F29,Apuração!A:A,Apuração!C:C)+1)/_xlfn.XLOOKUP(F29,Apuração!A:A,Apuração!B:B),0) -> 0.45454545
A30: POPULAÇÃO | B30: E+Segurança: ações nas escolas | C30: AL | D30: OESTE | E30: {=_xlfn.IFS( F30 = "A partir de Abril", "Aguardando Execução na Distribuidora", A30 = "CAPACITAÇÃO", "Em execução no Corporativo", TRUE, "Em Execução na Distribuidora" )} -> Em Execução na Distribuidora | F30: {=_xlfn.IFS( AG30 <> "", "Jan-Dez/26", AH30 <> "", "Fev-Dez/26", AI30 <> "", "Mar-Dez/26", AJ30 <> "", "Abr-Dez/26", TRUE, "A partir de Junho" )} -> Fev-Dez/26 | G30: Iniciada | H30: P3 | I30: (N° de ações planejadas/N° de ações realizadas)*100 | J30: {=_xlfn.LET( _xlpm.actual_value_month, INDEX(T30:AE30, MATCH(DATE(YEAR(TODAY()), MONTH(TODAY()), 1), $T$1:$AE$1, 0)), IF(_xlpm.actual_value_month <> "",_xlpm.actual_value_month & " eventos mensais", "") )} -> 2 eventos mensais | K30: {=_xlfn.LET( _xlpm.sum_month, SUM(T30:AE30), IF(_xlpm.sum_month = 0, "", _xlpm.sum_month & " eventos no ano") )} -> 20 eventos no ano | L30: Percentual de eventos realizados​ | M30: 02 eventos em escolas por mês por regional | N30: Indicador | O30: Percentual | P30: - | Q30: Indicador de benefício | R30: - | S30: - | U30: 1 | V30: 1 | W30: 2 | X30: 2 | Y30: 2 | Z30: 2 | AA30: 2 | AB30: 2 | AC30: 2 | AD30: 2 | AE30: 2 | AH30: 1 | AI30: 1 | AJ30: 9 | AS30: =IF(MONTH(TODAY())=3,SUM(T30:U30),IF(MONTH(TODAY())=4,SUM(T30:V30),IF(MONTH(TODAY())=5,SUM(T30:W30),IF(MONTH(TODAY())=6,SUM(T30:X30),IF(MONTH(TODAY())=7,SUM(T30:Y30),IF(MONTH(TODAY())=8,SUM(T30:Z30),IF(MONTH(TODAY())=9,SUM(T30:AA30),IF(MONTH(TODAY())=10,SUM(T30:AB30),IF(MONTH(TODAY())=11,SUM(T30:AC30),IF(MONTH(TODAY())=12,SUM(T30:AD30),IF(MONTH(TODAY())=1,SUM(T30:AE30),T30))))))))))) -> 6 | AT30: =SUM(IF(AW30<1.15,AG30,1.15*T30),IF(AX30<1.15,AH30,1.15*U30),IF(AY30<1.15,AI30,1.15*V30),IF(AZ30<1.15,AJ30,1.15*W30),IF(BA30<1.15,AK30,1.15*X30),IF(BB30<1.15,AL30,1.15*Y30),IF(BC30<1.15,AM30,1.15*Z30),IF(BD30<1.15,AN30,1.15*AA30),IF(BE30<1.15,AO30,1.15*AB30),IF(BF30<1.15,AP30,1.15*AC30),IF(BG30<1.15,AQ30,1.15*AD30),IF(BH30<1.15,AR30,1.15*AE30)) -> 4.3 | AU30: =SUM(AG30:AR30) -> 11 | AW30: =IFERROR(IF(AG30="",0,AG30/T30),0) -> 0 | AX30: =IFERROR(IF(AH30="",0,AH30/U30),0) -> 1 | AY30: =IFERROR(IF(AI30="",0,AI30/V30),0) -> 1 | AZ30: =IFERROR(IF(AJ30="",0,AJ30/W30),0) -> 4.5 | BI30: {=IFERROR(INDEX(AW30:BH30,1,MATCH(2,1/(AW30:BH30<>""))),"")} -> 4.5 | BJ30: {=IF(BM30 = "", "",IFERROR(INDEX(AW30:BH30,1,MATCH(2,1/(AW30:BH30<>""),1)-1),""))} -> 1 | BK30: =IF((IF(AW30>=115%,115%,AW30) + IF(AX30>=115%,115%,AX30) + IF(AY30>=115%,115%,AY30) + (IF(AZ30>=115%,115%,AZ30) + IF(BA30>=115%,115%,BA30) + IF(BB30>=115%,115%,BB30) + IF(BC30>=115%,115%,BC30) + IF(BD30>=115%,115%,BD30) + IF(BE30>=115%,115%,BE30) + IF(BF30>=115%,115%,BF30) + IF(BG30>=115%,115%,BG30) + IF(BH30>=115%,115%,BH30)))/_xlfn.XLOOKUP(F30,Apuração!A:A,Apuração!B:B)>=1.15,1.15,((IF(AZ30>=115%,115%,AZ30) + IF(AX30>=115%,115%,AX30) + IF(AY30>=115%,115%,AY30) + (IF(AW30>=115%,115%,AW30) + IF(BA30>=115%,115%,BA30) + IF(BB30>=115%,115%,BB30) + IF(BC30>=115%,115%,BC30) + IF(BD30>=115%,115%,BD30) + IF(BE30>=115%,115%,BE30) + IF(BF30>=115%,115%,BF30) + IF(BG30>=115%,115%,BG30) + IF(BH30>=115%,115%,BH30)))/_xlfn.XLOOKUP(F30,Apuração!A:A,Apuração!B:B))) -> 0.28636364 | BL30: {=IF(SUM(IFERROR(IF(INDEX(AW30:INDEX(AW30:BH30, MATCH(2, 1/(AW30:BH30<>""), 1)-1), ROW(INDIRECT("1:" & MATCH(2, 1/(AW30:BH30<>""), 1)-1))) >= 115%, 115%, INDEX(AW30:INDEX(AW30:BH30, MATCH(2, 1/(AW30:BH30<>""), 1)-1), ROW(INDIRECT("1:" & MATCH(2, 1/(AW30:BH30<>""), 1)-1)))), 0))/_xlfn.XLOOKUP(F30,Apuração!A:A,Apuração!B:B)>=1.15,1.15,SUM(IFERROR(IF(INDEX(AW30:INDEX(AW30:BH30, MATCH(2, 1/(AW30:BH30<>""), 1)-1), ROW(INDIRECT("1:" & MATCH(2, 1/(AW30:BH30<>""), 1)-1))) >= 115%, 115%, INDEX(AW30:INDEX(AW30:BH30, MATCH(2, 1/(AW30:BH30<>""), 1)-1), ROW(INDIRECT("1:" & MATCH(2, 1/(AW30:BH30<>""), 1)-1)))), 0))/_xlfn.XLOOKUP(F30,Apuração!A:A,Apuração!B:B))} -> 0.18181818 | BM30: {=IFERROR( INDEX($AW$1:$BH$1, _xlfn.AGGREGATE(14, 6, COLUMN($AW$1:$BH$1)/(AW30:BH30<>""), 2) - COLUMN($AW$1) + 1 ), "")} -> 46082 | BN30: {=IFERROR(INDEX($AW$1:$BH$1,1,MATCH(2,1/(AW30:BH30<>""))),"")} -> 46113 | BO30: =IFERROR(_xlfn.XLOOKUP(F30,Apuração!A:A,Apuração!C:C)/_xlfn.XLOOKUP(F30,Apuração!A:A,Apuração!B:B),0) -> 0.36363636 | BP30: =IFERROR(_xlfn.XLOOKUP(F30,Apuração!A:A,Apuração!D:D)/_xlfn.XLOOKUP(F30,Apuração!A:A,Apuração!B:B),0) -> 0.27272727 | BQ30: =IF(BK30>=BO30,0,_xlfn.XLOOKUP(F30,Apuração!A:A,Apuração!B:B)*(BO30 + (1/_xlfn.XLOOKUP(F30,Apuração!A:A,Apuração!B:B)) - BK30)) -> 1.85 | BR30: =IF(BQ30=0,0,BQ30*Z30) -> 3.7 | BS30: =IFERROR((_xlfn.XLOOKUP(F30,Apuração!A:A,Apuração!C:C)+1)/_xlfn.XLOOKUP(F30,Apuração!A:A,Apuração!B:B),0) -> 0.45454545
A31: POPULAÇÃO | B31: E+Segurança: ações nas escolas | C31: AL | D31: TODAS | E31: {=_xlfn.IFS( F31 = "A partir de Abril", "Aguardando Execução na Distribuidora", A31 = "CAPACITAÇÃO", "Em execução no Corporativo", TRUE, "Em Execução na Distribuidora" )} -> Em Execução na Distribuidora | F31: {=_xlfn.IFS( AG31 <> "", "Jan-Dez/26", AH31 <> "", "Fev-Dez/26", AI31 <> "", "Mar-Dez/26", AJ31 <> "", "Abr-Dez/26", TRUE, "A partir de Junho" )} -> Fev-Dez/26 | G31: Iniciada | H31: P3 | I31: Público diretamente impactado | J31: {=_xlfn.LET( _xlpm.actual_value_month, INDEX(T31:AE31, MATCH(DATE(YEAR(TODAY()), MONTH(TODAY()), 1), $T$1:$AE$1, 0)), IF(_xlpm.actual_value_month <> "",_xlpm.actual_value_month & " ações mensais", "") )} | K31: {=_xlfn.LET( _xlpm.sum_month, SUM(T31:AE31), IF(_xlpm.sum_month = 0, "", _xlpm.sum_month & " pessoas impactadas no ano.") )} | L31: Público diretamente impactado | M31: 1 | N31: Item de controle | O31: Número absoluto | P31: - | Q31: - | R31: - | S31: - | AH31: 130 | AI31: 59 | AJ31: 445 | AS31: =IF(MONTH(TODAY())=3,SUM(T31:U31),IF(MONTH(TODAY())=4,SUM(T31:V31),IF(MONTH(TODAY())=5,SUM(T31:W31),IF(MONTH(TODAY())=6,SUM(T31:X31),IF(MONTH(TODAY())=7,SUM(T31:Y31),IF(MONTH(TODAY())=8,SUM(T31:Z31),IF(MONTH(TODAY())=9,SUM(T31:AA31),IF(MONTH(TODAY())=10,SUM(T31:AB31),IF(MONTH(TODAY())=11,SUM(T31:AC31),IF(MONTH(TODAY())=12,SUM(T31:AD31),IF(MONTH(TODAY())=1,SUM(T31:AE31),T31))))))))))) -> 0 | AT31: =SUM(AG31:AR31) -> 634 | AU31: =SUM(AG31:AR31) -> 634 | AW31: =AG31 -> 0 | AX31: =AH31 -> 130 | AY31: =AI31 -> 59 | AZ31: =AJ31 -> 445 | BI31: {=IFERROR(INDEX(AW31:BH31,1,MATCH(2,1/(AW31:BH31<>""))),"")} -> 445 | BJ31: {=IF(BM31 = "", "",IFERROR(INDEX(AW31:BH31,1,MATCH(2,1/(AW31:BH31<>""),1)-1),""))} -> 59 | BK31: =SUM(AW31:BH31) -> 634 | BL31: {=IFERROR(SUM(AW31:INDEX(AW31:BH31, MATCH(2, 1/(AW31:BH31<>""), 1) - 1))/_xlfn.XLOOKUP(F31,Apuração!A:A,Apuração!B:B),0)} -> 17.181818 | BM31: {=IFERROR( INDEX($AW$1:$BH$1, _xlfn.AGGREGATE(14, 6, COLUMN($AW$1:$BH$1)/(AW31:BH31<>""), 2) - COLUMN($AW$1) + 1 ), "")} -> 46082 | BN31: {=IFERROR(INDEX($AW$1:$BH$1,1,MATCH(2,1/(AW31:BH31<>""))),"")} -> 46113 | BO31: =IFERROR(_xlfn.XLOOKUP(F31,Apuração!A:A,Apuração!C:C)/_xlfn.XLOOKUP(F31,Apuração!A:A,Apuração!B:B),0) -> 0.36363636 | BP31: =IFERROR(_xlfn.XLOOKUP(F31,Apuração!A:A,Apuração!D:D)/_xlfn.XLOOKUP(F31,Apuração!A:A,Apuração!B:B),0) -> 0.27272727 | BQ31: =IF(BK31>=BO31,0,_xlfn.XLOOKUP(F31,Apuração!A:A,Apuração!B:B)*(BO31 + (1/_xlfn.XLOOKUP(F31,Apuração!A:A,Apuração!B:B)) - BK31)) -> 0 | BR31: =IF(BQ31=0,0,BQ31*Z31) -> 0 | BS31: =IFERROR((_xlfn.XLOOKUP(F31,Apuração!A:A,Apuração!C:C)+1)/_xlfn.XLOOKUP(F31,Apuração!A:A,Apuração!B:B),0) -> 0.45454545
A32: POPULAÇÃO | B32: E+Segurança: ações nas escolas | C32: AL | D32: LESTE | E32: {=_xlfn.IFS( F32 = "A partir de Abril", "Aguardando Execução na Distribuidora", A32 = "CAPACITAÇÃO", "Em execução no Corporativo", TRUE, "Em Execução na Distribuidora" )} -> Em Execução na Distribuidora | F32: {=_xlfn.IFS( AG32 <> "", "Jan-Dez/26", AH32 <> "", "Fev-Dez/26", AI32 <> "", "Mar-Dez/26", AJ32 <> "", "Abr-Dez/26", TRUE, "A partir de Junho" )} -> Fev-Dez/26 | G32: Iniciada | H32: P3 | I32: Público diretamente impactado | J32: {=_xlfn.LET( _xlpm.actual_value_month, INDEX(T32:AE32, MATCH(DATE(YEAR(TODAY()), MONTH(TODAY()), 1), $T$1:$AE$1, 0)), IF(_xlpm.actual_value_month <> "",_xlpm.actual_value_month & " ações mensais", "") )} | K32: {=_xlfn.LET( _xlpm.sum_month, SUM(T32:AE32), IF(_xlpm.sum_month = 0, "", _xlpm.sum_month & " pessoas impactadas no ano.") )} | L32: Público diretamente impactado | M32: 1 | N32: Item de controle | O32: Número absoluto | P32: - | Q32: - | R32: - | S32: - | AH32: 100 | AI32: 20 | AJ32: 0 | AS32: =IF(MONTH(TODAY())=3,SUM(T32:U32),IF(MONTH(TODAY())=4,SUM(T32:V32),IF(MONTH(TODAY())=5,SUM(T32:W32),IF(MONTH(TODAY())=6,SUM(T32:X32),IF(MONTH(TODAY())=7,SUM(T32:Y32),IF(MONTH(TODAY())=8,SUM(T32:Z32),IF(MONTH(TODAY())=9,SUM(T32:AA32),IF(MONTH(TODAY())=10,SUM(T32:AB32),IF(MONTH(TODAY())=11,SUM(T32:AC32),IF(MONTH(TODAY())=12,SUM(T32:AD32),IF(MONTH(TODAY())=1,SUM(T32:AE32),T32))))))))))) -> 0 | AT32: =SUM(AG32:AR32) -> 120 | AU32: =SUM(AG32:AR32) -> 120 | AW32: =AG32 -> 0 | AX32: =AH32 -> 100 | AY32: =AI32 -> 20 | AZ32: =AJ32 -> 0 | BI32: {=IFERROR(INDEX(AW32:BH32,1,MATCH(2,1/(AW32:BH32<>""))),"")} -> 0 | BJ32: {=IF(BM32 = "", "",IFERROR(INDEX(AW32:BH32,1,MATCH(2,1/(AW32:BH32<>""),1)-1),""))} -> 20 | BK32: =SUM(AW32:BH32) -> 120 | BL32: {=IFERROR(SUM(AW32:INDEX(AW32:BH32, MATCH(2, 1/(AW32:BH32<>""), 1) - 1))/_xlfn.XLOOKUP(F32,Apuração!A:A,Apuração!B:B),0)} -> 10.909091 | BM32: {=IFERROR( INDEX($AW$1:$BH$1, _xlfn.AGGREGATE(14, 6, COLUMN($AW$1:$BH$1)/(AW32:BH32<>""), 2) - COLUMN($AW$1) + 1 ), "")} -> 46082 | BN32: {=IFERROR(INDEX($AW$1:$BH$1,1,MATCH(2,1/(AW32:BH32<>""))),"")} -> 46113 | BO32: =IFERROR(_xlfn.XLOOKUP(F32,Apuração!A:A,Apuração!C:C)/_xlfn.XLOOKUP(F32,Apuração!A:A,Apuração!B:B),0) -> 0.36363636 | BP32: =IFERROR(_xlfn.XLOOKUP(F32,Apuração!A:A,Apuração!D:D)/_xlfn.XLOOKUP(F32,Apuração!A:A,Apuração!B:B),0) -> 0.27272727 | BQ32: =IF(BK32>=BO32,0,_xlfn.XLOOKUP(F32,Apuração!A:A,Apuração!B:B)*(BO32 + (1/_xlfn.XLOOKUP(F32,Apuração!A:A,Apuração!B:B)) - BK32)) -> 0 | BR32: =IF(BQ32=0,0,BQ32*Z32) -> 0 | BS32: =IFERROR((_xlfn.XLOOKUP(F32,Apuração!A:A,Apuração!C:C)+1)/_xlfn.XLOOKUP(F32,Apuração!A:A,Apuração!B:B),0) -> 0.45454545
A33: POPULAÇÃO | B33: E+Segurança: ações nas escolas | C33: AL | D33: OESTE | E33: {=_xlfn.IFS( F33 = "A partir de Abril", "Aguardando Execução na Distribuidora", A33 = "CAPACITAÇÃO", "Em execução no Corporativo", TRUE, "Em Execução na Distribuidora" )} -> Em Execução na Distribuidora | F33: {=_xlfn.IFS( AG33 <> "", "Jan-Dez/26", AH33 <> "", "Fev-Dez/26", AI33 <> "", "Mar-Dez/26", AJ33 <> "", "Abr-Dez/26", TRUE, "A partir de Junho" )} -> Fev-Dez/26 | G33: Iniciada | H33: P3 | I33: Público diretamente impactado | J33: {=_xlfn.LET( _xlpm.actual_value_month, INDEX(T33:AE33, MATCH(DATE(YEAR(TODAY()), MONTH(TODAY()), 1), $T$1:$AE$1, 0)), IF(_xlpm.actual_value_month <> "",_xlpm.actual_value_month & " ações mensais", "") )} | K33: {=_xlfn.LET( _xlpm.sum_month, SUM(T33:AE33), IF(_xlpm.sum_month = 0, "", _xlpm.sum_month & " pessoas impactadas no ano.") )} | L33: Público diretamente impactado | M33: 1 | N33: Item de controle | O33: Número absoluto | P33: - | Q33: - | R33: - | S33: - | AH33: 30 | AI33: 39 | AJ33: 445 | AS33: =IF(MONTH(TODAY())=3,SUM(T33:U33),IF(MONTH(TODAY())=4,SUM(T33:V33),IF(MONTH(TODAY())=5,SUM(T33:W33),IF(MONTH(TODAY())=6,SUM(T33:X33),IF(MONTH(TODAY())=7,SUM(T33:Y33),IF(MONTH(TODAY())=8,SUM(T33:Z33),IF(MONTH(TODAY())=9,SUM(T33:AA33),IF(MONTH(TODAY())=10,SUM(T33:AB33),IF(MONTH(TODAY())=11,SUM(T33:AC33),IF(MONTH(TODAY())=12,SUM(T33:AD33),IF(MONTH(TODAY())=1,SUM(T33:AE33),T33))))))))))) -> 0 | AT33: =SUM(AG33:AR33) -> 514 | AU33: =SUM(AG33:AR33) -> 514 | AW33: =AG33 -> 0 | AX33: =AH33 -> 30 | AY33: =AI33 -> 39 | AZ33: =AJ33 -> 445 | BI33: {=IFERROR(INDEX(AW33:BH33,1,MATCH(2,1/(AW33:BH33<>""))),"")} -> 445 | BJ33: {=IF(BM33 = "", "",IFERROR(INDEX(AW33:BH33,1,MATCH(2,1/(AW33:BH33<>""),1)-1),""))} -> 39 | BK33: =SUM(AW33:BH33) -> 514 | BL33: {=IFERROR(SUM(AW33:INDEX(AW33:BH33, MATCH(2, 1/(AW33:BH33<>""), 1) - 1))/_xlfn.XLOOKUP(F33,Apuração!A:A,Apuração!B:B),0)} -> 6.2727273 | BM33: {=IFERROR( INDEX($AW$1:$BH$1, _xlfn.AGGREGATE(14, 6, COLUMN($AW$1:$BH$1)/(AW33:BH33<>""), 2) - COLUMN($AW$1) + 1 ), "")} -> 46082 | BN33: {=IFERROR(INDEX($AW$1:$BH$1,1,MATCH(2,1/(AW33:BH33<>""))),"")} -> 46113 | BO33: =IFERROR(_xlfn.XLOOKUP(F33,Apuração!A:A,Apuração!C:C)/_xlfn.XLOOKUP(F33,Apuração!A:A,Apuração!B:B),0) -> 0.36363636 | BP33: =IFERROR(_xlfn.XLOOKUP(F33,Apuração!A:A,Apuração!D:D)/_xlfn.XLOOKUP(F33,Apuração!A:A,Apuração!B:B),0) -> 0.27272727 | BQ33: =IF(BK33>=BO33,0,_xlfn.XLOOKUP(F33,Apuração!A:A,Apuração!B:B)*(BO33 + (1/_xlfn.XLOOKUP(F33,Apuração!A:A,Apuração!B:B)) - BK33)) -> 0 | BR33: =IF(BQ33=0,0,BQ33*Z33) -> 0 | BS33: =IFERROR((_xlfn.XLOOKUP(F33,Apuração!A:A,Apuração!C:C)+1)/_xlfn.XLOOKUP(F33,Apuração!A:A,Apuração!B:B),0) -> 0.45454545
A34: POPULAÇÃO | B34: E+Segurança: comunicação externa | C34: AL | D34: TODAS | E34: {=_xlfn.IFS( F34 = "A partir de Abril", "Aguardando Execução na Distribuidora", A34 = "CAPACITAÇÃO", "Em execução no Corporativo", TRUE, "Em Execução na Distribuidora" )} -> Em Execução na Distribuidora | F34: {=_xlfn.IFS( AG34 <> "", "Jan-Dez/26", AH34 <> "", "Fev-Dez/26", AI34 <> "", "Mar-Dez/26", AJ34 <> "", "Abr-Dez/26", TRUE, "A partir de Junho" )} -> Jan-Dez/26 | G34: Iniciada | H34: P1 | I34: (N° de ações ou entrevista realizadas / N° de ações ou entrevista planejadas)*100 | J34: {=_xlfn.LET( _xlpm.actual_value_month, INDEX(T34:AE34, MATCH(DATE(YEAR(TODAY()), MONTH(TODAY()), 1), $T$1:$AE$1, 0)), IF(_xlpm.actual_value_month <> "",_xlpm.actual_value_month & " eventos mensais", "") )} -> 8 eventos mensais | K34: {=_xlfn.LET( _xlpm.sum_month, SUM(T34:AE34), IF(_xlpm.sum_month = 0, "", _xlpm.sum_month & " eventos no ano.") )} -> 89 eventos no ano. | L34: Quantidade de eventos realizados​ | M34: 04 ações ou entrevistas realizadas por mês por regional | N34: Indicador | O34: Percentual | P34: - | Q34: - | R34: - | S34: - | T34: 10 | U34: 5 | V34: 2 | W34: 8 | X34: 8 | Y34: 8 | Z34: 8 | AA34: 8 | AB34: 8 | AC34: 8 | AD34: 8 | AE34: 8 | AG34: 10 | AH34: 5 | AI34: 2 | AJ34: 2 | AS34: =IF(MONTH(TODAY())=3,SUM(T34:U34),IF(MONTH(TODAY())=4,SUM(T34:V34),IF(MONTH(TODAY())=5,SUM(T34:W34),IF(MONTH(TODAY())=6,SUM(T34:X34),IF(MONTH(TODAY())=7,SUM(T34:Y34),IF(MONTH(TODAY())=8,SUM(T34:Z34),IF(MONTH(TODAY())=9,SUM(T34:AA34),IF(MONTH(TODAY())=10,SUM(T34:AB34),IF(MONTH(TODAY())=11,SUM(T34:AC34),IF(MONTH(TODAY())=12,SUM(T34:AD34),IF(MONTH(TODAY())=1,SUM(T34:AE34),T34))))))))))) -> 33 | AT34: =SUM(IF(AW34<1.15,AG34,1.15*T34),IF(AX34<1.15,AH34,1.15*U34),IF(AY34<1.15,AI34,1.15*V34),IF(AZ34<1.15,AJ34,1.15*W34),IF(BA34<1.15,AK34,1.15*X34),IF(BB34<1.15,AL34,1.15*Y34),IF(BC34<1.15,AM34,1.15*Z34),IF(BD34<1.15,AN34,1.15*AA34),IF(BE34<1.15,AO34,1.15*AB34),IF(BF34<1.15,AP34,1.15*AC34),IF(BG34<1.15,AQ34,1.15*AD34),IF(BH34<1.15,AR34,1.15*AE34)) -> 19 | AU34: =SUM(AG34:AR34) -> 19 | AW34: =IFERROR(IF(AG34="",0,AG34/T34),0) -> 1 | AX34: =IFERROR(IF(AH34="",0,AH34/U34),0) -> 1 | AY34: =IFERROR(IF(AI34="",0,AI34/V34),0) -> 1 | AZ34: =IFERROR(IF(AJ34="",0,AJ34/W34),0) -> 0.25 | BI34: {=IFERROR(INDEX(AW34:BH34,1,MATCH(2,1/(AW34:BH34<>""))),"")} -> 0.25 | BJ34: {=IF(BM34 = "", "",IFERROR(INDEX(AW34:BH34,1,MATCH(2,1/(AW34:BH34<>""),1)-1),""))} -> 1 | BK34: =IF((IF(AW34>=115%,115%,AW34) + IF(AX34>=115%,115%,AX34) + IF(AY34>=200%,200%,AY34) + (IF(AZ34>=200%,200%,AZ34) + IF(BA34>=115%,115%,BA34) + IF(BB34>=115%,115%,BB34) + IF(BC34>=115%,115%,BC34) + IF(BD34>=115%,115%,BD34) + IF(BE34>=115%,115%,BE34) + IF(BF34>=115%,115%,BF34) + IF(BG34>=115%,115%,BG34) + IF(BH34>=115%,115%,BH34)))/_xlfn.XLOOKUP(F34,Apuração!A:A,Apuração!B:B)>=1.15,1.15,((IF(AZ34>=200%,200%,AZ34) + IF(AX34>=115%,115%,AX34) + IF(AY34>=200%,200%,AY34) + (IF(AW34>=115%,115%,AW34) + IF(BA34>=115%,115%,BA34) + IF(BB34>=115%,115%,BB34) + IF(BC34>=115%,115%,BC34) + IF(BD34>=115%,115%,BD34) + IF(BE34>=115%,115%,BE34) + IF(BF34>=115%,115%,BF34) + IF(BG34>=115%,115%,BG34) + IF(BH34>=115%,115%,BH34)))/_xlfn.XLOOKUP(F34,Apuração!A:A,Apuração!B:B))) -> 0.27083333 | BL34: {=IF(SUM(IFERROR(IF(INDEX(AW34:INDEX(AW34:BH34, MATCH(2, 1/(AW34:BH34<>""), 1)-1), ROW(INDIRECT("1:" & MATCH(2, 1/(AW34:BH34<>""), 1)-1))) >= 115%, 115%, INDEX(AW34:INDEX(AW34:BH34, MATCH(2, 1/(AW34:BH34<>""), 1)-1), ROW(INDIRECT("1:" & MATCH(2, 1/(AW34:BH34<>""), 1)-1)))), 0))/_xlfn.XLOOKUP(F34,Apuração!A:A,Apuração!B:B)>=1.15,1.15,SUM(IFERROR(IF(INDEX(AW34:INDEX(AW34:BH34, MATCH(2, 1/(AW34:BH34<>""), 1)-1), ROW(INDIRECT("1:" & MATCH(2, 1/(AW34:BH34<>""), 1)-1))) >= 115%, 115%, INDEX(AW34:INDEX(AW34:BH34, MATCH(2, 1/(AW34:BH34<>""), 1)-1), ROW(INDIRECT("1:" & MATCH(2, 1/(AW34:BH34<>""), 1)-1)))), 0))/_xlfn.XLOOKUP(F34,Apuração!A:A,Apuração!B:B))} -> 0.25 | BM34: {=IFERROR( INDEX($AW$1:$BH$1, _xlfn.AGGREGATE(14, 6, COLUMN($AW$1:$BH$1)/(AW34:BH34<>""), 2) - COLUMN($AW$1) + 1 ), "")} -> 46082 | BN34: {=IFERROR(INDEX($AW$1:$BH$1,1,MATCH(2,1/(AW34:BH34<>""))),"")} -> 46113 | BO34: =IFERROR(_xlfn.XLOOKUP(F34,Apuração!A:A,Apuração!C:C)/_xlfn.XLOOKUP(F34,Apuração!A:A,Apuração!B:B),0) -> 0.41666667 | BP34: =IFERROR(_xlfn.XLOOKUP(F34,Apuração!A:A,Apuração!D:D)/_xlfn.XLOOKUP(F34,Apuração!A:A,Apuração!B:B),0) -> 0.33333333 | BQ34: =IF(BK34>=BO34,0,_xlfn.XLOOKUP(F34,Apuração!A:A,Apuração!B:B)*(BO34 + (1/_xlfn.XLOOKUP(F34,Apuração!A:A,Apuração!B:B)) - BK34)) -> 2.75 | BR34: =IF(BQ34=0,0,BQ34*Z34) -> 22 | BS34: =IFERROR((_xlfn.XLOOKUP(F34,Apuração!A:A,Apuração!C:C)+1)/_xlfn.XLOOKUP(F34,Apuração!A:A,Apuração!B:B),0) -> 0.5
A35: POPULAÇÃO | B35: E+Segurança: comunicação externa | C35: AL | D35: LESTE | E35: {=_xlfn.IFS( F35 = "A partir de Abril", "Aguardando Execução na Distribuidora", A35 = "CAPACITAÇÃO", "Em execução no Corporativo", TRUE, "Em Execução na Distribuidora" )} -> Em Execução na Distribuidora | F35: {=_xlfn.IFS( AG35 <> "", "Jan-Dez/26", AH35 <> "", "Fev-Dez/26", AI35 <> "", "Mar-Dez/26", AJ35 <> "", "Abr-Dez/26", TRUE, "A partir de Junho" )} -> Abr-Dez/26 | G35: Iniciada | H35: P1 | I35: (N° de ações ou entrevista realizadas / N° de ações ou entrevista planejadas)*100 | J35: {=_xlfn.LET( _xlpm.actual_value_month, INDEX(T35:AE35, MATCH(DATE(YEAR(TODAY()), MONTH(TODAY()), 1), $T$1:$AE$1, 0)), IF(_xlpm.actual_value_month <> "",_xlpm.actual_value_month & " eventos mensais", "") )} -> 4 eventos mensais | K35: {=_xlfn.LET( _xlpm.sum_month, SUM(T35:AE35), IF(_xlpm.sum_month = 0, "", _xlpm.sum_month & " eventos no ano.") )} -> 36 eventos no ano. | L35: Quantidade de eventos realizados​ | M35: 04 ações ou entrevistas realizadas por mês por regional | N35: Indicador | O35: Percentual | P35: - | Q35: - | R35: - | S35: - | W35: 4 | X35: 4 | Y35: 4 | Z35: 4 | AA35: 4 | AB35: 4 | AC35: 4 | AD35: 4 | AE35: 4 | AJ35: 1 | AS35: =IF(MONTH(TODAY())=3,SUM(T35:U35),IF(MONTH(TODAY())=4,SUM(T35:V35),IF(MONTH(TODAY())=5,SUM(T35:W35),IF(MONTH(TODAY())=6,SUM(T35:X35),IF(MONTH(TODAY())=7,SUM(T35:Y35),IF(MONTH(TODAY())=8,SUM(T35:Z35),IF(MONTH(TODAY())=9,SUM(T35:AA35),IF(MONTH(TODAY())=10,SUM(T35:AB35),IF(MONTH(TODAY())=11,SUM(T35:AC35),IF(MONTH(TODAY())=12,SUM(T35:AD35),IF(MONTH(TODAY())=1,SUM(T35:AE35),T35))))))))))) -> 8 | AT35: =SUM(IF(AW35<1.15,AG35,1.15*T35),IF(AX35<1.15,AH35,1.15*U35),IF(AY35<1.15,AI35,1.15*V35),IF(AZ35<1.15,AJ35,1.15*W35),IF(BA35<1.15,AK35,1.15*X35),IF(BB35<1.15,AL35,1.15*Y35),IF(BC35<1.15,AM35,1.15*Z35),IF(BD35<1.15,AN35,1.15*AA35),IF(BE35<1.15,AO35,1.15*AB35),IF(BF35<1.15,AP35,1.15*AC35),IF(BG35<1.15,AQ35,1.15*AD35),IF(BH35<1.15,AR35,1.15*AE35)) -> 1 | AU35: =SUM(AG35:AR35) -> 1 | AW35: =IFERROR(IF(AG35="",0,AG35/T35),0) -> 0 | AX35: =IFERROR(IF(AH35="",0,AH35/U35),0) -> 0 | AY35: =IFERROR(IF(AI35="",0,AI35/V35),0) -> 0 | AZ35: =IFERROR(IF(AJ35="",0,AJ35/W35),0) -> 0.25 | BI35: {=IFERROR(INDEX(AW35:BH35,1,MATCH(2,1/(AW35:BH35<>""))),"")} -> 0.25 | BJ35: {=IF(BM35 = "", "",IFERROR(INDEX(AW35:BH35,1,MATCH(2,1/(AW35:BH35<>""),1)-1),""))} -> 0 | BK35: =IF((IF(AW35>=115%,115%,AW35) + IF(AX35>=115%,115%,AX35) + IF(AY35>=200%,200%,AY35) + (IF(AZ35>=200%,200%,AZ35) + IF(BA35>=115%,115%,BA35) + IF(BB35>=115%,115%,BB35) + IF(BC35>=115%,115%,BC35) + IF(BD35>=115%,115%,BD35) + IF(BE35>=115%,115%,BE35) + IF(BF35>=115%,115%,BF35) + IF(BG35>=115%,115%,BG35) + IF(BH35>=115%,115%,BH35)))/_xlfn.XLOOKUP(F35,Apuração!A:A,Apuração!B:B)>=1.15,1.15,((IF(AZ35>=200%,200%,AZ35) + IF(AX35>=115%,115%,AX35) + IF(AY35>=200%,200%,AY35) + (IF(AW35>=115%,115%,AW35) + IF(BA35>=115%,115%,BA35) + IF(BB35>=115%,115%,BB35) + IF(BC35>=115%,115%,BC35) + IF(BD35>=115%,115%,BD35) + IF(BE35>=115%,115%,BE35) + IF(BF35>=115%,115%,BF35) + IF(BG35>=115%,115%,BG35) + IF(BH35>=115%,115%,BH35)))/_xlfn.XLOOKUP(F35,Apuração!A:A,Apuração!B:B))) -> 0.027777778 | BL35: {=IF(SUM(IFERROR(IF(INDEX(AW35:INDEX(AW35:BH35, MATCH(2, 1/(AW35:BH35<>""), 1)-1), ROW(INDIRECT("1:" & MATCH(2, 1/(AW35:BH35<>""), 1)-1))) >= 115%, 115%, INDEX(AW35:INDEX(AW35:BH35, MATCH(2, 1/(AW35:BH35<>""), 1)-1), ROW(INDIRECT("1:" & MATCH(2, 1/(AW35:BH35<>""), 1)-1)))), 0))/_xlfn.XLOOKUP(F35,Apuração!A:A,Apuração!B:B)>=1.15,1.15,SUM(IFERROR(IF(INDEX(AW35:INDEX(AW35:BH35, MATCH(2, 1/(AW35:BH35<>""), 1)-1), ROW(INDIRECT("1:" & MATCH(2, 1/(AW35:BH35<>""), 1)-1))) >= 115%, 115%, INDEX(AW35:INDEX(AW35:BH35, MATCH(2, 1/(AW35:BH35<>""), 1)-1), ROW(INDIRECT("1:" & MATCH(2, 1/(AW35:BH35<>""), 1)-1)))), 0))/_xlfn.XLOOKUP(F35,Apuração!A:A,Apuração!B:B))} -> 0 | BM35: {=IFERROR( INDEX($AW$1:$BH$1, _xlfn.AGGREGATE(14, 6, COLUMN($AW$1:$BH$1)/(AW35:BH35<>""), 2) - COLUMN($AW$1) + 1 ), "")} -> 46082 | BN35: {=IFERROR(INDEX($AW$1:$BH$1,1,MATCH(2,1/(AW35:BH35<>""))),"")} -> 46113 | BO35: =IFERROR(_xlfn.XLOOKUP(F35,Apuração!A:A,Apuração!C:C)/_xlfn.XLOOKUP(F35,Apuração!A:A,Apuração!B:B),0) -> 0.22222222 | BP35: =IFERROR(_xlfn.XLOOKUP(F35,Apuração!A:A,Apuração!D:D)/_xlfn.XLOOKUP(F35,Apuração!A:A,Apuração!B:B),0) -> 0.11111111 | BQ35: =IF(BK35>=BO35,0,_xlfn.XLOOKUP(F35,Apuração!A:A,Apuração!B:B)*(BO35 + (1/_xlfn.XLOOKUP(F35,Apuração!A:A,Apuração!B:B)) - BK35)) -> 2.75 | BR35: =IF(BQ35=0,0,BQ35*Z35) -> 11 | BS35: =IFERROR((_xlfn.XLOOKUP(F35,Apuração!A:A,Apuração!C:C)+1)/_xlfn.XLOOKUP(F35,Apuração!A:A,Apuração!B:B),0) -> 0.33333333
A36: POPULAÇÃO | B36: E+Segurança: comunicação externa | C36: AL | D36: OESTE | E36: {=_xlfn.IFS( F36 = "A partir de Abril", "Aguardando Execução na Distribuidora", A36 = "CAPACITAÇÃO", "Em execução no Corporativo", TRUE, "Em Execução na Distribuidora" )} -> Em Execução na Distribuidora | F36: {=_xlfn.IFS( AG36 <> "", "Jan-Dez/26", AH36 <> "", "Fev-Dez/26", AI36 <> "", "Mar-Dez/26", AJ36 <> "", "Abr-Dez/26", TRUE, "A partir de Junho" )} -> Jan-Dez/26 | G36: Iniciada | H36: P1 | I36: (N° de ações ou entrevista realizadas / N° de ações ou entrevista planejadas)*100 | J36: {=_xlfn.LET( _xlpm.actual_value_month, INDEX(T36:AE36, MATCH(DATE(YEAR(TODAY()), MONTH(TODAY()), 1), $T$1:$AE$1, 0)), IF(_xlpm.actual_value_month <> "",_xlpm.actual_value_month & " eventos mensais", "") )} -> 4 eventos mensais | K36: {=_xlfn.LET( _xlpm.sum_month, SUM(T36:AE36), IF(_xlpm.sum_month = 0, "", _xlpm.sum_month & " eventos no ano.") )} -> 53 eventos no ano. | L36: Quantidade de eventos realizados​ | M36: 04 ações ou entrevistas realizadas por mês por regional | N36: Indicador | O36: Percentual | P36: - | Q36: - | R36: - | S36: - | T36: 10 | U36: 5 | V36: 2 | W36: 4 | X36: 4 | Y36: 4 | Z36: 4 | AA36: 4 | AB36: 4 | AC36: 4 | AD36: 4 | AE36: 4 | AG36: 10 | AH36: 5 | AI36: 2 | AJ36: 1 | AS36: =IF(MONTH(TODAY())=3,SUM(T36:U36),IF(MONTH(TODAY())=4,SUM(T36:V36),IF(MONTH(TODAY())=5,SUM(T36:W36),IF(MONTH(TODAY())=6,SUM(T36:X36),IF(MONTH(TODAY())=7,SUM(T36:Y36),IF(MONTH(TODAY())=8,SUM(T36:Z36),IF(MONTH(TODAY())=9,SUM(T36:AA36),IF(MONTH(TODAY())=10,SUM(T36:AB36),IF(MONTH(TODAY())=11,SUM(T36:AC36),IF(MONTH(TODAY())=12,SUM(T36:AD36),IF(MONTH(TODAY())=1,SUM(T36:AE36),T36))))))))))) -> 25 | AT36: =SUM(IF(AW36<1.15,AG36,1.15*T36),IF(AX36<1.15,AH36,1.15*U36),IF(AY36<1.15,AI36,1.15*V36),IF(AZ36<1.15,AJ36,1.15*W36),IF(BA36<1.15,AK36,1.15*X36),IF(BB36<1.15,AL36,1.15*Y36),IF(BC36<1.15,AM36,1.15*Z36),IF(BD36<1.15,AN36,1.15*AA36),IF(BE36<1.15,AO36,1.15*AB36),IF(BF36<1.15,AP36,1.15*AC36),IF(BG36<1.15,AQ36,1.15*AD36),IF(BH36<1.15,AR36,1.15*AE36)) -> 18 | AU36: =SUM(AG36:AR36) -> 18 | AW36: =IFERROR(IF(AG36="",0,AG36/T36),0) -> 1 | AX36: =IFERROR(IF(AH36="",0,AH36/U36),0) -> 1 | AY36: =IFERROR(IF(AI36="",0,AI36/V36),0) -> 1 | AZ36: =IFERROR(IF(AJ36="",0,AJ36/W36),0) -> 0.25 | BI36: {=IFERROR(INDEX(AW36:BH36,1,MATCH(2,1/(AW36:BH36<>""))),"")} -> 0.25 | BJ36: {=IF(BM36 = "", "",IFERROR(INDEX(AW36:BH36,1,MATCH(2,1/(AW36:BH36<>""),1)-1),""))} -> 1 | BK36: =IF((IF(AW36>=115%,115%,AW36) + IF(AX36>=115%,115%,AX36) + IF(AY36>=200%,200%,AY36) + (IF(AZ36>=200%,200%,AZ36) + IF(BA36>=115%,115%,BA36) + IF(BB36>=115%,115%,BB36) + IF(BC36>=115%,115%,BC36) + IF(BD36>=115%,115%,BD36) + IF(BE36>=115%,115%,BE36) + IF(BF36>=115%,115%,BF36) + IF(BG36>=115%,115%,BG36) + IF(BH36>=115%,115%,BH36)))/_xlfn.XLOOKUP(F36,Apuração!A:A,Apuração!B:B)>=1.15,1.15,((IF(AZ36>=200%,200%,AZ36) + IF(AX36>=115%,115%,AX36) + IF(AY36>=200%,200%,AY36) + (IF(AW36>=115%,115%,AW36) + IF(BA36>=115%,115%,BA36) + IF(BB36>=115%,115%,BB36) + IF(BC36>=115%,115%,BC36) + IF(BD36>=115%,115%,BD36) + IF(BE36>=115%,115%,BE36) + IF(BF36>=115%,115%,BF36) + IF(BG36>=115%,115%,BG36) + IF(BH36>=115%,115%,BH36)))/_xlfn.XLOOKUP(F36,Apuração!A:A,Apuração!B:B))) -> 0.27083333 | BL36: {=IF(SUM(IFERROR(IF(INDEX(AW36:INDEX(AW36:BH36, MATCH(2, 1/(AW36:BH36<>""), 1)-1), ROW(INDIRECT("1:" & MATCH(2, 1/(AW36:BH36<>""), 1)-1))) >= 115%, 115%, INDEX(AW36:INDEX(AW36:BH36, MATCH(2, 1/(AW36:BH36<>""), 1)-1), ROW(INDIRECT("1:" & MATCH(2, 1/(AW36:BH36<>""), 1)-1)))), 0))/_xlfn.XLOOKUP(F36,Apuração!A:A,Apuração!B:B)>=1.15,1.15,SUM(IFERROR(IF(INDEX(AW36:INDEX(AW36:BH36, MATCH(2, 1/(AW36:BH36<>""), 1)-1), ROW(INDIRECT("1:" & MATCH(2, 1/(AW36:BH36<>""), 1)-1))) >= 115%, 115%, INDEX(AW36:INDEX(AW36:BH36, MATCH(2, 1/(AW36:BH36<>""), 1)-1), ROW(INDIRECT("1:" & MATCH(2, 1/(AW36:BH36<>""), 1)-1)))), 0))/_xlfn.XLOOKUP(F36,Apuração!A:A,Apuração!B:B))} -> 0.25 | BM36: {=IFERROR( INDEX($AW$1:$BH$1, _xlfn.AGGREGATE(14, 6, COLUMN($AW$1:$BH$1)/(AW36:BH36<>""), 2) - COLUMN($AW$1) + 1 ), "")} -> 46082 | BN36: {=IFERROR(INDEX($AW$1:$BH$1,1,MATCH(2,1/(AW36:BH36<>""))),"")} -> 46113 | BO36: =IFERROR(_xlfn.XLOOKUP(F36,Apuração!A:A,Apuração!C:C)/_xlfn.XLOOKUP(F36,Apuração!A:A,Apuração!B:B),0) -> 0.41666667 | BP36: =IFERROR(_xlfn.XLOOKUP(F36,Apuração!A:A,Apuração!D:D)/_xlfn.XLOOKUP(F36,Apuração!A:A,Apuração!B:B),0) -> 0.33333333 | BQ36: =IF(BK36>=BO36,0,_xlfn.XLOOKUP(F36,Apuração!A:A,Apuração!B:B)*(BO36 + (1/_xlfn.XLOOKUP(F36,Apuração!A:A,Apuração!B:B)) - BK36)) -> 2.75 | BR36: =IF(BQ36=0,0,BQ36*Z36) -> 11 | BS36: =IFERROR((_xlfn.XLOOKUP(F36,Apuração!A:A,Apuração!C:C)+1)/_xlfn.XLOOKUP(F36,Apuração!A:A,Apuração!B:B),0) -> 0.5
A37: POPULAÇÃO | B37: E+Segurança: comunicação externa | C37: AL | D37: TODAS | E37: Em Execução na Distribuidora | F37: {=_xlfn.IFS( AG37 <> "", "Jan-Dez/26", AH37 <> "", "Fev-Dez/26", AI37 <> "", "Mar-Dez/26", AJ37 <> "", "Abr-Dez/26", TRUE, "A partir de Junho" )} -> Jan-Dez/26 | G37: Iniciada | H37: P1 | I37: Público diretamente impactado | J37: {=_xlfn.LET( _xlpm.actual_value_month, INDEX(T37:AE37, MATCH(DATE(YEAR(TODAY()), MONTH(TODAY()), 1), $T$1:$AE$1, 0)), IF(_xlpm.actual_value_month <> "",_xlpm.actual_value_month & " ações mensais", "") )} | K37: {=_xlfn.LET( _xlpm.sum_month, SUM(T37:AE37), IF(_xlpm.sum_month = 0, "", _xlpm.sum_month & " pessoas impactadas no ano.") )} | L37: Público diretamente impactado | M37: 1 | N37: Item de controle | O37: Número absoluto | P37: - | Q37: - | R37: - | S37: - | AG37: 0 | AH37: 0 | AI37: 0 | AJ37: 2328 | AS37: =IF(MONTH(TODAY())=3,SUM(T37:U37),IF(MONTH(TODAY())=4,SUM(T37:V37),IF(MONTH(TODAY())=5,SUM(T37:W37),IF(MONTH(TODAY())=6,SUM(T37:X37),IF(MONTH(TODAY())=7,SUM(T37:Y37),IF(MONTH(TODAY())=8,SUM(T37:Z37),IF(MONTH(TODAY())=9,SUM(T37:AA37),IF(MONTH(TODAY())=10,SUM(T37:AB37),IF(MONTH(TODAY())=11,SUM(T37:AC37),IF(MONTH(TODAY())=12,SUM(T37:AD37),IF(MONTH(TODAY())=1,SUM(T37:AE37),T37))))))))))) -> 0 | AT37: =SUM(AG37:AR37) -> 2328 | AU37: =SUM(AG37:AR37) -> 2328 | AW37: =AG37 -> 0 | AX37: =AH37 -> 0 | AY37: =AI37 -> 0 | AZ37: =AJ37 -> 2328 | BI37: {=IFERROR(INDEX(AW37:BH37,1,MATCH(2,1/(AW37:BH37<>""))),"")} -> 2328 | BJ37: {=IF(BM37 = "", "",IFERROR(INDEX(AW37:BH37,1,MATCH(2,1/(AW37:BH37<>""),1)-1),""))} -> 0 | BK37: =SUM(AW37:BH37) -> 2328 | BL37: {=IFERROR(SUM(AW37:INDEX(AW37:BH37, MATCH(2, 1/(AW37:BH37<>""), 1) - 1))/_xlfn.XLOOKUP(F37,Apuração!A:A,Apuração!B:B),0)} -> 0 | BM37: {=IFERROR( INDEX($AW$1:$BH$1, _xlfn.AGGREGATE(14, 6, COLUMN($AW$1:$BH$1)/(AW37:BH37<>""), 2) - COLUMN($AW$1) + 1 ), "")} -> 46082 | BN37: {=IFERROR(INDEX($AW$1:$BH$1,1,MATCH(2,1/(AW37:BH37<>""))),"")} -> 46113 | BO37: =IFERROR(_xlfn.XLOOKUP(F37,Apuração!A:A,Apuração!C:C)/_xlfn.XLOOKUP(F37,Apuração!A:A,Apuração!B:B),0) -> 0.41666667 | BP37: =IFERROR(_xlfn.XLOOKUP(F37,Apuração!A:A,Apuração!D:D)/_xlfn.XLOOKUP(F37,Apuração!A:A,Apuração!B:B),0) -> 0.33333333 | BQ37: =IF(BK37>=BO37,0,_xlfn.XLOOKUP(F37,Apuração!A:A,Apuração!B:B)*(BO37 + (1/_xlfn.XLOOKUP(F37,Apuração!A:A,Apuração!B:B)) - BK37)) -> 0 | BR37: =IF(BQ37=0,0,BQ37*Z37) -> 0 | BS37: =IFERROR((_xlfn.XLOOKUP(F37,Apuração!A:A,Apuração!C:C)+1)/_xlfn.XLOOKUP(F37,Apuração!A:A,Apuração!B:B),0) -> 0.5
A38: POPULAÇÃO | B38: E+Segurança: comunicação externa | C38: AL | D38: LESTE | E38: Em Execução na Distribuidora | F38: {=_xlfn.IFS( AG38 <> "", "Jan-Dez/26", AH38 <> "", "Fev-Dez/26", AI38 <> "", "Mar-Dez/26", AJ38 <> "", "Abr-Dez/26", TRUE, "A partir de Junho" )} -> Abr-Dez/26 | G38: Iniciada | H38: P1 | I38: Público diretamente impactado | J38: {=_xlfn.LET( _xlpm.actual_value_month, INDEX(T38:AE38, MATCH(DATE(YEAR(TODAY()), MONTH(TODAY()), 1), $T$1:$AE$1, 0)), IF(_xlpm.actual_value_month <> "",_xlpm.actual_value_month & " ações mensais", "") )} | K38: {=_xlfn.LET( _xlpm.sum_month, SUM(T38:AE38), IF(_xlpm.sum_month = 0, "", _xlpm.sum_month & " pessoas impactadas no ano.") )} | L38: Público diretamente impactado | M38: 1 | N38: Item de controle | O38: Número absoluto | P38: - | Q38: - | R38: - | S38: - | AJ38: 1164 | AS38: =IF(MONTH(TODAY())=3,SUM(T38:U38),IF(MONTH(TODAY())=4,SUM(T38:V38),IF(MONTH(TODAY())=5,SUM(T38:W38),IF(MONTH(TODAY())=6,SUM(T38:X38),IF(MONTH(TODAY())=7,SUM(T38:Y38),IF(MONTH(TODAY())=8,SUM(T38:Z38),IF(MONTH(TODAY())=9,SUM(T38:AA38),IF(MONTH(TODAY())=10,SUM(T38:AB38),IF(MONTH(TODAY())=11,SUM(T38:AC38),IF(MONTH(TODAY())=12,SUM(T38:AD38),IF(MONTH(TODAY())=1,SUM(T38:AE38),T38))))))))))) -> 0 | AT38: =SUM(AG38:AR38) -> 1164 | AU38: =SUM(AG38:AR38) -> 1164 | AW38: =AG38 -> 0 | AX38: =AH38 -> 0 | AY38: =AI38 -> 0 | AZ38: =AJ38 -> 1164 | BI38: {=IFERROR(INDEX(AW38:BH38,1,MATCH(2,1/(AW38:BH38<>""))),"")} -> 1164 | BJ38: {=IF(BM38 = "", "",IFERROR(INDEX(AW38:BH38,1,MATCH(2,1/(AW38:BH38<>""),1)-1),""))} -> 0 | BK38: =SUM(AW38:BH38) -> 1164 | BL38: {=IFERROR(SUM(AW38:INDEX(AW38:BH38, MATCH(2, 1/(AW38:BH38<>""), 1) - 1))/_xlfn.XLOOKUP(F38,Apuração!A:A,Apuração!B:B),0)} -> 0 | BM38: {=IFERROR( INDEX($AW$1:$BH$1, _xlfn.AGGREGATE(14, 6, COLUMN($AW$1:$BH$1)/(AW38:BH38<>""), 2) - COLUMN($AW$1) + 1 ), "")} -> 46082 | BN38: {=IFERROR(INDEX($AW$1:$BH$1,1,MATCH(2,1/(AW38:BH38<>""))),"")} -> 46113 | BO38: =IFERROR(_xlfn.XLOOKUP(F38,Apuração!A:A,Apuração!C:C)/_xlfn.XLOOKUP(F38,Apuração!A:A,Apuração!B:B),0) -> 0.22222222 | BP38: =IFERROR(_xlfn.XLOOKUP(F38,Apuração!A:A,Apuração!D:D)/_xlfn.XLOOKUP(F38,Apuração!A:A,Apuração!B:B),0) -> 0.11111111 | BQ38: =IF(BK38>=BO38,0,_xlfn.XLOOKUP(F38,Apuração!A:A,Apuração!B:B)*(BO38 + (1/_xlfn.XLOOKUP(F38,Apuração!A:A,Apuração!B:B)) - BK38)) -> 0 | BR38: =IF(BQ38=0,0,BQ38*Z38) -> 0 | BS38: =IFERROR((_xlfn.XLOOKUP(F38,Apuração!A:A,Apuração!C:C)+1)/_xlfn.XLOOKUP(F38,Apuração!A:A,Apuração!B:B),0) -> 0.33333333
A39: POPULAÇÃO | B39: E+Segurança: comunicação externa | C39: AL | D39: OESTE | E39: Em Execução na Distribuidora | F39: {=_xlfn.IFS( AG39 <> "", "Jan-Dez/26", AH39 <> "", "Fev-Dez/26", AI39 <> "", "Mar-Dez/26", AJ39 <> "", "Abr-Dez/26", TRUE, "A partir de Junho" )} -> Abr-Dez/26 | G39: Iniciada | H39: P1 | I39: Público diretamente impactado | J39: {=_xlfn.LET( _xlpm.actual_value_month, INDEX(T39:AE39, MATCH(DATE(YEAR(TODAY()), MONTH(TODAY()), 1), $T$1:$AE$1, 0)), IF(_xlpm.actual_value_month <> "",_xlpm.actual_value_month & " ações mensais", "") )} | K39: {=_xlfn.LET( _xlpm.sum_month, SUM(T39:AE39), IF(_xlpm.sum_month = 0, "", _xlpm.sum_month & " pessoas impactadas no ano.") )} | L39: Público diretamente impactado | M39: 1 | N39: Item de controle | O39: Número absoluto | P39: - | Q39: - | R39: - | S39: - | AJ39: 1164 | AS39: =IF(MONTH(TODAY())=3,SUM(T39:U39),IF(MONTH(TODAY())=4,SUM(T39:V39),IF(MONTH(TODAY())=5,SUM(T39:W39),IF(MONTH(TODAY())=6,SUM(T39:X39),IF(MONTH(TODAY())=7,SUM(T39:Y39),IF(MONTH(TODAY())=8,SUM(T39:Z39),IF(MONTH(TODAY())=9,SUM(T39:AA39),IF(MONTH(TODAY())=10,SUM(T39:AB39),IF(MONTH(TODAY())=11,SUM(T39:AC39),IF(MONTH(TODAY())=12,SUM(T39:AD39),IF(MONTH(TODAY())=1,SUM(T39:AE39),T39))))))))))) -> 0 | AT39: =SUM(AG39:AR39) -> 1164 | AU39: =SUM(AG39:AR39) -> 1164 | AW39: =AG39 -> 0 | AX39: =AH39 -> 0 | AY39: =AI39 -> 0 | AZ39: =AJ39 -> 1164 | BI39: {=IFERROR(INDEX(AW39:BH39,1,MATCH(2,1/(AW39:BH39<>""))),"")} -> 1164 | BJ39: {=IF(BM39 = "", "",IFERROR(INDEX(AW39:BH39,1,MATCH(2,1/(AW39:BH39<>""),1)-1),""))} -> 0 | BK39: =SUM(AW39:BH39) -> 1164 | BL39: {=IFERROR(SUM(AW39:INDEX(AW39:BH39, MATCH(2, 1/(AW39:BH39<>""), 1) - 1))/_xlfn.XLOOKUP(F39,Apuração!A:A,Apuração!B:B),0)} -> 0 | BM39: {=IFERROR( INDEX($AW$1:$BH$1, _xlfn.AGGREGATE(14, 6, COLUMN($AW$1:$BH$1)/(AW39:BH39<>""), 2) - COLUMN($AW$1) + 1 ), "")} -> 46082 | BN39: {=IFERROR(INDEX($AW$1:$BH$1,1,MATCH(2,1/(AW39:BH39<>""))),"")} -> 46113 | BO39: =IFERROR(_xlfn.XLOOKUP(F39,Apuração!A:A,Apuração!C:C)/_xlfn.XLOOKUP(F39,Apuração!A:A,Apuração!B:B),0) -> 0.22222222 | BP39: =IFERROR(_xlfn.XLOOKUP(F39,Apuração!A:A,Apuração!D:D)/_xlfn.XLOOKUP(F39,Apuração!A:A,Apuração!B:B),0) -> 0.11111111 | BQ39: =IF(BK39>=BO39,0,_xlfn.XLOOKUP(F39,Apuração!A:A,Apuração!B:B)*(BO39 + (1/_xlfn.XLOOKUP(F39,Apuração!A:A,Apuração!B:B)) - BK39)) -> 0 | BR39: =IF(BQ39=0,0,BQ39*Z39) -> 0 | BS39: =IFERROR((_xlfn.XLOOKUP(F39,Apuração!A:A,Apuração!C:C)+1)/_xlfn.XLOOKUP(F39,Apuração!A:A,Apuração!B:B),0) -> 0.33333333
A40: POPULAÇÃO | B40: E+Segurança: empresas de uso mutuo | C40: AL | D40: TODAS | E40: {=_xlfn.IFS( F40 = "A partir de Abril", "Aguardando Execução na Distribuidora", A40 = "CAPACITAÇÃO", "Em execução no Corporativo", TRUE, "Em Execução na Distribuidora" )} -> Em Execução na Distribuidora | F40: {=_xlfn.IFS( AG40 <> "", "Jan-Dez/26", AH40 <> "", "Fev-Dez/26", AI40 <> "", "Mar-Dez/26", AJ40 <> "", "Abr-Dez/26", TRUE, "A partir de Junho" )} -> Mar-Dez/26 | G40: Iniciada | H40: P3 | I40: (N° de ações planejadas/N° de ações realizadas)*100 | J40: {=_xlfn.LET( _xlpm.actual_value_month, INDEX(T40:AE40, MATCH(DATE(YEAR(TODAY()), MONTH(TODAY()), 1), $T$1:$AE$1, 0)), IF(_xlpm.actual_value_month <> "",_xlpm.actual_value_month & " eventos mensais", "") )} -> 4 eventos mensais | K40: {=_xlfn.LET( _xlpm.sum_month, SUM(T40:AE40), IF(_xlpm.sum_month = 0, "", _xlpm.sum_month & " eventos no ano") )} -> 37 eventos no ano | L40: Número de workshops realizados | M40: 02 eventos com empresas de uso mútuo por mês por regional | N40: Indicador | O40: Percentual | P40: - | Q40: - | R40: - | S40: - | V40: 1 | W40: 4 | X40: 4 | Y40: 4 | Z40: 4 | AA40: 4 | AB40: 4 | AC40: 4 | AD40: 4 | AE40: 4 | AI40: 1 | AJ40: 2 | AS40: =IF(MONTH(TODAY())=3,SUM(T40:U40),IF(MONTH(TODAY())=4,SUM(T40:V40),IF(MONTH(TODAY())=5,SUM(T40:W40),IF(MONTH(TODAY())=6,SUM(T40:X40),IF(MONTH(TODAY())=7,SUM(T40:Y40),IF(MONTH(TODAY())=8,SUM(T40:Z40),IF(MONTH(TODAY())=9,SUM(T40:AA40),IF(MONTH(TODAY())=10,SUM(T40:AB40),IF(MONTH(TODAY())=11,SUM(T40:AC40),IF(MONTH(TODAY())=12,SUM(T40:AD40),IF(MONTH(TODAY())=1,SUM(T40:AE40),T40))))))))))) -> 9 | AT40: =SUM(IF(AW40<1.15,AG40,1.15*T40),IF(AX40<1.15,AH40,1.15*U40),IF(AY40<1.15,AI40,1.15*V40),IF(AZ40<1.15,AJ40,1.15*W40),IF(BA40<1.15,AK40,1.15*X40),IF(BB40<1.15,AL40,1.15*Y40),IF(BC40<1.15,AM40,1.15*Z40),IF(BD40<1.15,AN40,1.15*AA40),IF(BE40<1.15,AO40,1.15*AB40),IF(BF40<1.15,AP40,1.15*AC40),IF(BG40<1.15,AQ40,1.15*AD40),IF(BH40<1.15,AR40,1.15*AE40)) -> 3 | AU40: =SUM(AG40:AR40) -> 3 | AW40: =IFERROR(IF(AG40="",0,AG40/T40),0) -> 0 | AX40: =IFERROR(IF(AH40="",0,AH40/U40),0) -> 0 | AY40: =IFERROR(IF(AI40="",0,AI40/V40),0) -> 1 | AZ40: =IFERROR(IF(AJ40="",0,AJ40/W40),0) -> 0.5 | BI40: {=IFERROR(INDEX(AW40:BH40,1,MATCH(2,1/(AW40:BH40<>""))),"")} -> 0.5 | BJ40: {=IF(BM40 = "", "",IFERROR(INDEX(AW40:BH40,1,MATCH(2,1/(AW40:BH40<>""),1)-1),""))} -> 1 | BK40: =IF((IF(AW40>=115%,115%,AW40) + IF(AX40>=115%,115%,AX40) + IF(AY40>=115%,115%,AY40) + (IF(AZ40>=115%,115%,AZ40) + IF(BA40>=115%,115%,BA40) + IF(BB40>=115%,115%,BB40) + IF(BC40>=115%,115%,BC40) + IF(BD40>=115%,115%,BD40) + IF(BE40>=115%,115%,BE40) + IF(BF40>=115%,115%,BF40) + IF(BG40>=140%,140%,BG40) + IF(BH40>=115%,115%,BH40)))/_xlfn.XLOOKUP(F40,Apuração!A:A,Apuração!B:B)>=1.15,1.15,((IF(AZ40>=115%,115%,AZ40) + IF(AX40>=115%,115%,AX40) + IF(AY40>=115%,115%,AY40) + (IF(AW40>=115%,115%,AW40) + IF(BA40>=115%,115%,BA40) + IF(BB40>=115%,115%,BB40) + IF(BC40>=115%,115%,BC40) + IF(BD40>=115%,115%,BD40) + IF(BE40>=115%,115%,BE40) + IF(BF40>=115%,115%,BF40) + IF(BG40>=140%,140%,BG40) + IF(BH40>=115%,115%,BH40)))/_xlfn.XLOOKUP(F40,Apuração!A:A,Apuração!B:B))) -> 0.15 | BL40: {=IF(SUM(IFERROR(IF(INDEX(AW40:INDEX(AW40:BH40, MATCH(2, 1/(AW40:BH40<>""), 1)-1), ROW(INDIRECT("1:" & MATCH(2, 1/(AW40:BH40<>""), 1)-1))) >= 115%, 115%, INDEX(AW40:INDEX(AW40:BH40, MATCH(2, 1/(AW40:BH40<>""), 1)-1), ROW(INDIRECT("1:" & MATCH(2, 1/(AW40:BH40<>""), 1)-1)))), 0))/_xlfn.XLOOKUP(F40,Apuração!A:A,Apuração!B:B)>=1.15,1.15,SUM(IFERROR(IF(INDEX(AW40:INDEX(AW40:BH40, MATCH(2, 1/(AW40:BH40<>""), 1)-1), ROW(INDIRECT("1:" & MATCH(2, 1/(AW40:BH40<>""), 1)-1))) >= 115%, 115%, INDEX(AW40:INDEX(AW40:BH40, MATCH(2, 1/(AW40:BH40<>""), 1)-1), ROW(INDIRECT("1:" & MATCH(2, 1/(AW40:BH40<>""), 1)-1)))), 0))/_xlfn.XLOOKUP(F40,Apuração!A:A,Apuração!B:B))} -> 0.1 | BM40: {=IFERROR( INDEX($AW$1:$BH$1, _xlfn.AGGREGATE(14, 6, COLUMN($AW$1:$BH$1)/(AW40:BH40<>""), 2) - COLUMN($AW$1) + 1 ), "")} -> 46082 | BN40: {=IFERROR(INDEX($AW$1:$BH$1,1,MATCH(2,1/(AW40:BH40<>""))),"")} -> 46113 | BO40: =IFERROR(_xlfn.XLOOKUP(F40,Apuração!A:A,Apuração!C:C)/_xlfn.XLOOKUP(F40,Apuração!A:A,Apuração!B:B),0) -> 0.3 | BP40: =IFERROR(_xlfn.XLOOKUP(F40,Apuração!A:A,Apuração!D:D)/_xlfn.XLOOKUP(F40,Apuração!A:A,Apuração!B:B),0) -> 0.2 | BQ40: =IF(BK40>=BO40,0,_xlfn.XLOOKUP(F40,Apuração!A:A,Apuração!B:B)*(BO40 + (1/_xlfn.XLOOKUP(F40,Apuração!A:A,Apuração!B:B)) - BK40)) -> 2.5 | BR40: =IF(BQ40=0,0,BQ40*Z40) -> 10 | BS40: =IFERROR((_xlfn.XLOOKUP(F40,Apuração!A:A,Apuração!C:C)+1)/_xlfn.XLOOKUP(F40,Apuração!A:A,Apuração!B:B),0) -> 0.4
A41: POPULAÇÃO | B41: E+Segurança: empresas de uso mutuo | C41: AL | D41: LESTE | E41: {=_xlfn.IFS( F41 = "A partir de Abril", "Aguardando Execução na Distribuidora", A41 = "CAPACITAÇÃO", "Em execução no Corporativo", TRUE, "Em Execução na Distribuidora" )} -> Em Execução na Distribuidora | F41: {=_xlfn.IFS( AG41 <> "", "Jan-Dez/26", AH41 <> "", "Fev-Dez/26", AI41 <> "", "Mar-Dez/26", AJ41 <> "", "Abr-Dez/26", TRUE, "A partir de Junho" )} -> Mar-Dez/26 | G41: Iniciada | H41: P3 | I41: (N° de ações planejadas/N° de ações realizadas)*100 | J41: {=_xlfn.LET( _xlpm.actual_value_month, INDEX(T41:AE41, MATCH(DATE(YEAR(TODAY()), MONTH(TODAY()), 1), $T$1:$AE$1, 0)), IF(_xlpm.actual_value_month <> "",_xlpm.actual_value_month & " eventos mensais", "") )} -> 2 eventos mensais | K41: {=_xlfn.LET( _xlpm.sum_month, SUM(T41:AE41), IF(_xlpm.sum_month = 0, "", _xlpm.sum_month & " eventos no ano") )} -> 19 eventos no ano | L41: Número de workshops realizados | M41: 02 eventos com empresas de uso mútuo por mês por regional | N41: Indicador | O41: Percentual | P41: - | Q41: - | R41: - | S41: - | V41: 1 | W41: 2 | X41: 2 | Y41: 2 | Z41: 2 | AA41: 2 | AB41: 2 | AC41: 2 | AD41: 2 | AE41: 2 | AI41: 1 | AJ41: 2 | AS41: =IF(MONTH(TODAY())=3,SUM(T41:U41),IF(MONTH(TODAY())=4,SUM(T41:V41),IF(MONTH(TODAY())=5,SUM(T41:W41),IF(MONTH(TODAY())=6,SUM(T41:X41),IF(MONTH(TODAY())=7,SUM(T41:Y41),IF(MONTH(TODAY())=8,SUM(T41:Z41),IF(MONTH(TODAY())=9,SUM(T41:AA41),IF(MONTH(TODAY())=10,SUM(T41:AB41),IF(MONTH(TODAY())=11,SUM(T41:AC41),IF(MONTH(TODAY())=12,SUM(T41:AD41),IF(MONTH(TODAY())=1,SUM(T41:AE41),T41))))))))))) -> 5 | AT41: =SUM(IF(AW41<1.15,AG41,1.15*T41),IF(AX41<1.15,AH41,1.15*U41),IF(AY41<1.15,AI41,1.15*V41),IF(AZ41<1.15,AJ41,1.15*W41),IF(BA41<1.15,AK41,1.15*X41),IF(BB41<1.15,AL41,1.15*Y41),IF(BC41<1.15,AM41,1.15*Z41),IF(BD41<1.15,AN41,1.15*AA41),IF(BE41<1.15,AO41,1.15*AB41),IF(BF41<1.15,AP41,1.15*AC41),IF(BG41<1.15,AQ41,1.15*AD41),IF(BH41<1.15,AR41,1.15*AE41)) -> 3 | AU41: =SUM(AG41:AR41) -> 3 | AW41: =IFERROR(IF(AG41="",0,AG41/T41),0) -> 0 | AX41: =IFERROR(IF(AH41="",0,AH41/U41),0) -> 0 | AY41: =IFERROR(IF(AI41="",0,AI41/V41),0) -> 1 | AZ41: =IFERROR(IF(AJ41="",0,AJ41/W41),0) -> 1 | BI41: {=IFERROR(INDEX(AW41:BH41,1,MATCH(2,1/(AW41:BH41<>""))),"")} -> 1 | BJ41: {=IF(BM41 = "", "",IFERROR(INDEX(AW41:BH41,1,MATCH(2,1/(AW41:BH41<>""),1)-1),""))} -> 1 | BK41: =IF((IF(AW41>=115%,115%,AW41) + IF(AX41>=115%,115%,AX41) + IF(AY41>=115%,115%,AY41) + (IF(AZ41>=115%,115%,AZ41) + IF(BA41>=115%,115%,BA41) + IF(BB41>=115%,115%,BB41) + IF(BC41>=115%,115%,BC41) + IF(BD41>=115%,115%,BD41) + IF(BE41>=115%,115%,BE41) + IF(BF41>=115%,115%,BF41) + IF(BG41>=140%,140%,BG41) + IF(BH41>=115%,115%,BH41)))/_xlfn.XLOOKUP(F41,Apuração!A:A,Apuração!B:B)>=1.15,1.15,((IF(AZ41>=115%,115%,AZ41) + IF(AX41>=115%,115%,AX41) + IF(AY41>=115%,115%,AY41) + (IF(AW41>=115%,115%,AW41) + IF(BA41>=115%,115%,BA41) + IF(BB41>=115%,115%,BB41) + IF(BC41>=115%,115%,BC41) + IF(BD41>=115%,115%,BD41) + IF(BE41>=115%,115%,BE41) + IF(BF41>=115%,115%,BF41) + IF(BG41>=140%,140%,BG41) + IF(BH41>=115%,115%,BH41)))/_xlfn.XLOOKUP(F41,Apuração!A:A,Apuração!B:B))) -> 0.2 | BL41: {=IF(SUM(IFERROR(IF(INDEX(AW41:INDEX(AW41:BH41, MATCH(2, 1/(AW41:BH41<>""), 1)-1), ROW(INDIRECT("1:" & MATCH(2, 1/(AW41:BH41<>""), 1)-1))) >= 115%, 115%, INDEX(AW41:INDEX(AW41:BH41, MATCH(2, 1/(AW41:BH41<>""), 1)-1), ROW(INDIRECT("1:" & MATCH(2, 1/(AW41:BH41<>""), 1)-1)))), 0))/_xlfn.XLOOKUP(F41,Apuração!A:A,Apuração!B:B)>=1.15,1.15,SUM(IFERROR(IF(INDEX(AW41:INDEX(AW41:BH41, MATCH(2, 1/(AW41:BH41<>""), 1)-1), ROW(INDIRECT("1:" & MATCH(2, 1/(AW41:BH41<>""), 1)-1))) >= 115%, 115%, INDEX(AW41:INDEX(AW41:BH41, MATCH(2, 1/(AW41:BH41<>""), 1)-1), ROW(INDIRECT("1:" & MATCH(2, 1/(AW41:BH41<>""), 1)-1)))), 0))/_xlfn.XLOOKUP(F41,Apuração!A:A,Apuração!B:B))} -> 0.1 | BM41: {=IFERROR( INDEX($AW$1:$BH$1, _xlfn.AGGREGATE(14, 6, COLUMN($AW$1:$BH$1)/(AW41:BH41<>""), 2) - COLUMN($AW$1) + 1 ), "")} -> 46082 | BN41: {=IFERROR(INDEX($AW$1:$BH$1,1,MATCH(2,1/(AW41:BH41<>""))),"")} -> 46113 | BO41: =IFERROR(_xlfn.XLOOKUP(F41,Apuração!A:A,Apuração!C:C)/_xlfn.XLOOKUP(F41,Apuração!A:A,Apuração!B:B),0) -> 0.3 | BP41: =IFERROR(_xlfn.XLOOKUP(F41,Apuração!A:A,Apuração!D:D)/_xlfn.XLOOKUP(F41,Apuração!A:A,Apuração!B:B),0) -> 0.2 | BQ41: =IF(BK41>=BO41,0,_xlfn.XLOOKUP(F41,Apuração!A:A,Apuração!B:B)*(BO41 + (1/_xlfn.XLOOKUP(F41,Apuração!A:A,Apuração!B:B)) - BK41)) -> 2 | BR41: =IF(BQ41=0,0,BQ41*Z41) -> 4 | BS41: =IFERROR((_xlfn.XLOOKUP(F41,Apuração!A:A,Apuração!C:C)+1)/_xlfn.XLOOKUP(F41,Apuração!A:A,Apuração!B:B),0) -> 0.4
A42: POPULAÇÃO | B42: E+Segurança: empresas de uso mutuo | C42: AL | D42: OESTE | E42: {=_xlfn.IFS( F42 = "A partir de Abril", "Aguardando Execução na Distribuidora", A42 = "CAPACITAÇÃO", "Em execução no Corporativo", TRUE, "Em Execução na Distribuidora" )} -> Em Execução na Distribuidora | F42: {=_xlfn.IFS( AG42 <> "", "Jan-Dez/26", AH42 <> "", "Fev-Dez/26", AI42 <> "", "Mar-Dez/26", AJ42 <> "", "Abr-Dez/26", TRUE, "A partir de Junho" )} -> Mar-Dez/26 | G42: Iniciada | H42: P3 | I42: (N° de ações planejadas/N° de ações realizadas)*100 | J42: {=_xlfn.LET( _xlpm.actual_value_month, INDEX(T42:AE42, MATCH(DATE(YEAR(TODAY()), MONTH(TODAY()), 1), $T$1:$AE$1, 0)), IF(_xlpm.actual_value_month <> "",_xlpm.actual_value_month & " eventos mensais", "") )} -> 2 eventos mensais | K42: {=_xlfn.LET( _xlpm.sum_month, SUM(T42:AE42), IF(_xlpm.sum_month = 0, "", _xlpm.sum_month & " eventos no ano") )} -> 18 eventos no ano | L42: Número de workshops realizados | M42: 02 eventos com empresas de uso mútuo por mês por regional | N42: Indicador | O42: Percentual | P42: - | Q42: - | R42: - | S42: - | W42: 2 | X42: 2 | Y42: 2 | Z42: 2 | AA42: 2 | AB42: 2 | AC42: 2 | AD42: 2 | AE42: 2 | AI42: 0 | AJ42: 0 | AS42: =IF(MONTH(TODAY())=3,SUM(T42:U42),IF(MONTH(TODAY())=4,SUM(T42:V42),IF(MONTH(TODAY())=5,SUM(T42:W42),IF(MONTH(TODAY())=6,SUM(T42:X42),IF(MONTH(TODAY())=7,SUM(T42:Y42),IF(MONTH(TODAY())=8,SUM(T42:Z42),IF(MONTH(TODAY())=9,SUM(T42:AA42),IF(MONTH(TODAY())=10,SUM(T42:AB42),IF(MONTH(TODAY())=11,SUM(T42:AC42),IF(MONTH(TODAY())=12,SUM(T42:AD42),IF(MONTH(TODAY())=1,SUM(T42:AE42),T42))))))))))) -> 4 | AT42: =SUM(IF(AW42<1.15,AG42,1.15*T42),IF(AX42<1.15,AH42,1.15*U42),IF(AY42<1.15,AI42,1.15*V42),IF(AZ42<1.15,AJ42,1.15*W42),IF(BA42<1.15,AK42,1.15*X42),IF(BB42<1.15,AL42,1.15*Y42),IF(BC42<1.15,AM42,1.15*Z42),IF(BD42<1.15,AN42,1.15*AA42),IF(BE42<1.15,AO42,1.15*AB42),IF(BF42<1.15,AP42,1.15*AC42),IF(BG42<1.15,AQ42,1.15*AD42),IF(BH42<1.15,AR42,1.15*AE42)) -> 0 | AU42: =SUM(AG42:AR42) -> 0 | AW42: =IFERROR(IF(AG42="",0,AG42/T42),0) -> 0 | AX42: =IFERROR(IF(AH42="",0,AH42/U42),0) -> 0 | AY42: =IFERROR(IF(AI42="",0,AI42/V42),0) -> 0 | AZ42: =IFERROR(IF(AJ42="",0,AJ42/W42),0) -> 0 | BI42: {=IFERROR(INDEX(AW42:BH42,1,MATCH(2,1/(AW42:BH42<>""))),"")} -> 0 | BJ42: {=IF(BM42 = "", "",IFERROR(INDEX(AW42:BH42,1,MATCH(2,1/(AW42:BH42<>""),1)-1),""))} -> 0 | BK42: =IF((IF(AW42>=115%,115%,AW42) + IF(AX42>=115%,115%,AX42) + IF(AY42>=115%,115%,AY42) + (IF(AZ42>=115%,115%,AZ42) + IF(BA42>=115%,115%,BA42) + IF(BB42>=115%,115%,BB42) + IF(BC42>=115%,115%,BC42) + IF(BD42>=115%,115%,BD42) + IF(BE42>=115%,115%,BE42) + IF(BF42>=115%,115%,BF42) + IF(BG42>=140%,140%,BG42) + IF(BH42>=115%,115%,BH42)))/_xlfn.XLOOKUP(F42,Apuração!A:A,Apuração!B:B)>=1.15,1.15,((IF(AZ42>=115%,115%,AZ42) + IF(AX42>=115%,115%,AX42) + IF(AY42>=115%,115%,AY42) + (IF(AW42>=115%,115%,AW42) + IF(BA42>=115%,115%,BA42) + IF(BB42>=115%,115%,BB42) + IF(BC42>=115%,115%,BC42) + IF(BD42>=115%,115%,BD42) + IF(BE42>=115%,115%,BE42) + IF(BF42>=115%,115%,BF42) + IF(BG42>=140%,140%,BG42) + IF(BH42>=115%,115%,BH42)))/_xlfn.XLOOKUP(F42,Apuração!A:A,Apuração!B:B))) -> 0 | BL42: {=IF(SUM(IFERROR(IF(INDEX(AW42:INDEX(AW42:BH42, MATCH(2, 1/(AW42:BH42<>""), 1)-1), ROW(INDIRECT("1:" & MATCH(2, 1/(AW42:BH42<>""), 1)-1))) >= 115%, 115%, INDEX(AW42:INDEX(AW42:BH42, MATCH(2, 1/(AW42:BH42<>""), 1)-1), ROW(INDIRECT("1:" & MATCH(2, 1/(AW42:BH42<>""), 1)-1)))), 0))/_xlfn.XLOOKUP(F42,Apuração!A:A,Apuração!B:B)>=1.15,1.15,SUM(IFERROR(IF(INDEX(AW42:INDEX(AW42:BH42, MATCH(2, 1/(AW42:BH42<>""), 1)-1), ROW(INDIRECT("1:" & MATCH(2, 1/(AW42:BH42<>""), 1)-1))) >= 115%, 115%, INDEX(AW42:INDEX(AW42:BH42, MATCH(2, 1/(AW42:BH42<>""), 1)-1), ROW(INDIRECT("1:" & MATCH(2, 1/(AW42:BH42<>""), 1)-1)))), 0))/_xlfn.XLOOKUP(F42,Apuração!A:A,Apuração!B:B))} -> 0 | BM42: {=IFERROR( INDEX($AW$1:$BH$1, _xlfn.AGGREGATE(14, 6, COLUMN($AW$1:$BH$1)/(AW42:BH42<>""), 2) - COLUMN($AW$1) + 1 ), "")} -> 46082 | BN42: {=IFERROR(INDEX($AW$1:$BH$1,1,MATCH(2,1/(AW42:BH42<>""))),"")} -> 46113 | BO42: =IFERROR(_xlfn.XLOOKUP(F42,Apuração!A:A,Apuração!C:C)/_xlfn.XLOOKUP(F42,Apuração!A:A,Apuração!B:B),0) -> 0.3 | BP42: =IFERROR(_xlfn.XLOOKUP(F42,Apuração!A:A,Apuração!D:D)/_xlfn.XLOOKUP(F42,Apuração!A:A,Apuração!B:B),0) -> 0.2 | BQ42: =IF(BK42>=BO42,0,_xlfn.XLOOKUP(F42,Apuração!A:A,Apuração!B:B)*(BO42 + (1/_xlfn.XLOOKUP(F42,Apuração!A:A,Apuração!B:B)) - BK42)) -> 4 | BR42: =IF(BQ42=0,0,BQ42*Z42) -> 8 | BS42: =IFERROR((_xlfn.XLOOKUP(F42,Apuração!A:A,Apuração!C:C)+1)/_xlfn.XLOOKUP(F42,Apuração!A:A,Apuração!B:B),0) -> 0.4
A43: POPULAÇÃO | B43: E+Segurança: empresas de uso mutuo | C43: AL | D43: TODAS | E43: {=_xlfn.IFS( F43 = "A partir de Abril", "Aguardando Execução na Distribuidora", A43 = "CAPACITAÇÃO", "Em execução no Corporativo", TRUE, "Em Execução na Distribuidora" )} -> Em Execução na Distribuidora | F43: {=_xlfn.IFS( AG43 <> "", "Jan-Dez/26", AH43 <> "", "Fev-Dez/26", AI43 <> "", "Mar-Dez/26", AJ43 <> "", "Abr-Dez/26", TRUE, "A partir de Junho" )} -> Mar-Dez/26 | G43: Iniciada | H43: P3 | I43: Público diretamente impactado | J43: {=_xlfn.LET( _xlpm.actual_value_month, INDEX(T43:AE43, MATCH(DATE(YEAR(TODAY()), MONTH(TODAY()), 1), $T$1:$AE$1, 0)), IF(_xlpm.actual_value_month <> "",_xlpm.actual_value_month & " ações mensais", "") )} | K43: {=_xlfn.LET( _xlpm.sum_month, SUM(T43:AE43), IF(_xlpm.sum_month = 0, "", _xlpm.sum_month & " público impactado no ano.") )} | L43: Público diretamente impactado | M43: 1 | N43: Item de controle | O43: Número absoluto | P43: - | Q43: - | R43: - | S43: - | AI43: 6 | AJ43: 27 | AS43: =IF(MONTH(TODAY())=3,SUM(T43:U43),IF(MONTH(TODAY())=4,SUM(T43:V43),IF(MONTH(TODAY())=5,SUM(T43:W43),IF(MONTH(TODAY())=6,SUM(T43:X43),IF(MONTH(TODAY())=7,SUM(T43:Y43),IF(MONTH(TODAY())=8,SUM(T43:Z43),IF(MONTH(TODAY())=9,SUM(T43:AA43),IF(MONTH(TODAY())=10,SUM(T43:AB43),IF(MONTH(TODAY())=11,SUM(T43:AC43),IF(MONTH(TODAY())=12,SUM(T43:AD43),IF(MONTH(TODAY())=1,SUM(T43:AE43),T43))))))))))) -> 0 | AT43: =SUM(AG43:AR43) -> 33 | AU43: =SUM(AG43:AR43) -> 33 | AW43: =AG43 -> 0 | AX43: =AH43 -> 0 | AY43: =AI43 -> 6 | AZ43: =AJ43 -> 27 | BI43: {=IFERROR(INDEX(AW43:BH43,1,MATCH(2,1/(AW43:BH43<>""))),"")} -> 27 | BJ43: {=IF(BM43 = "", "",IFERROR(INDEX(AW43:BH43,1,MATCH(2,1/(AW43:BH43<>""),1)-1),""))} -> 6 | BK43: =SUM(AW43:BH43) -> 33 | BL43: {=IFERROR(SUM(AW43:INDEX(AW43:BH43, MATCH(2, 1/(AW43:BH43<>""), 1) - 1))/_xlfn.XLOOKUP(F43,Apuração!A:A,Apuração!B:B),0)} -> 0.6 | BM43: {=IFERROR( INDEX($AW$1:$BH$1, _xlfn.AGGREGATE(14, 6, COLUMN($AW$1:$BH$1)/(AW43:BH43<>""), 2) - COLUMN($AW$1) + 1 ), "")} -> 46082 | BN43: {=IFERROR(INDEX($AW$1:$BH$1,1,MATCH(2,1/(AW43:BH43<>""))),"")} -> 46113 | BO43: =IFERROR(_xlfn.XLOOKUP(F43,Apuração!A:A,Apuração!C:C)/_xlfn.XLOOKUP(F43,Apuração!A:A,Apuração!B:B),0) -> 0.3 | BP43: =IFERROR(_xlfn.XLOOKUP(F43,Apuração!A:A,Apuração!D:D)/_xlfn.XLOOKUP(F43,Apuração!A:A,Apuração!B:B),0) -> 0.2 | BQ43: =IF(BK43>=BO43,0,_xlfn.XLOOKUP(F43,Apuração!A:A,Apuração!B:B)*(BO43 + (1/_xlfn.XLOOKUP(F43,Apuração!A:A,Apuração!B:B)) - BK43)) -> 0 | BR43: =IF(BQ43=0,0,BQ43*Z43) -> 0 | BS43: =IFERROR((_xlfn.XLOOKUP(F43,Apuração!A:A,Apuração!C:C)+1)/_xlfn.XLOOKUP(F43,Apuração!A:A,Apuração!B:B),0) -> 0.4
A44: POPULAÇÃO | B44: E+Segurança: empresas de uso mutuo | C44: AL | D44: LESTE | E44: {=_xlfn.IFS( F44 = "A partir de Abril", "Aguardando Execução na Distribuidora", A44 = "CAPACITAÇÃO", "Em execução no Corporativo", TRUE, "Em Execução na Distribuidora" )} -> Em Execução na Distribuidora | F44: {=_xlfn.IFS( AG44 <> "", "Jan-Dez/26", AH44 <> "", "Fev-Dez/26", AI44 <> "", "Mar-Dez/26", AJ44 <> "", "Abr-Dez/26", TRUE, "A partir de Junho" )} -> Mar-Dez/26 | G44: Iniciada | H44: P3 | I44: Público diretamente impactado | J44: {=_xlfn.LET( _xlpm.actual_value_month, INDEX(T44:AE44, MATCH(DATE(YEAR(TODAY()), MONTH(TODAY()), 1), $T$1:$AE$1, 0)), IF(_xlpm.actual_value_month <> "",_xlpm.actual_value_month & " ações mensais", "") )} | K44: {=_xlfn.LET( _xlpm.sum_month, SUM(T44:AE44), IF(_xlpm.sum_month = 0, "", _xlpm.sum_month & " público impactado no ano.") )} | L44: Público diretamente impactado | M44: 1 | N44: Item de controle | O44: Número absoluto | P44: - | Q44: - | R44: - | S44: - | AI44: 6 | AJ44: 27 | AS44: =IF(MONTH(TODAY())=3,SUM(T44:U44),IF(MONTH(TODAY())=4,SUM(T44:V44),IF(MONTH(TODAY())=5,SUM(T44:W44),IF(MONTH(TODAY())=6,SUM(T44:X44),IF(MONTH(TODAY())=7,SUM(T44:Y44),IF(MONTH(TODAY())=8,SUM(T44:Z44),IF(MONTH(TODAY())=9,SUM(T44:AA44),IF(MONTH(TODAY())=10,SUM(T44:AB44),IF(MONTH(TODAY())=11,SUM(T44:AC44),IF(MONTH(TODAY())=12,SUM(T44:AD44),IF(MONTH(TODAY())=1,SUM(T44:AE44),T44))))))))))) -> 0 | AT44: =SUM(AG44:AR44) -> 33 | AU44: =SUM(AG44:AR44) -> 33 | AW44: =AG44 -> 0 | AX44: =AH44 -> 0 | AY44: =AI44 -> 6 | AZ44: =AJ44 -> 27 | BI44: {=IFERROR(INDEX(AW44:BH44,1,MATCH(2,1/(AW44:BH44<>""))),"")} -> 27 | BJ44: {=IF(BM44 = "", "",IFERROR(INDEX(AW44:BH44,1,MATCH(2,1/(AW44:BH44<>""),1)-1),""))} -> 6 | BK44: =SUM(AW44:BH44) -> 33 | BL44: {=IFERROR(SUM(AW44:INDEX(AW44:BH44, MATCH(2, 1/(AW44:BH44<>""), 1) - 1))/_xlfn.XLOOKUP(F44,Apuração!A:A,Apuração!B:B),0)} -> 0.6 | BM44: {=IFERROR( INDEX($AW$1:$BH$1, _xlfn.AGGREGATE(14, 6, COLUMN($AW$1:$BH$1)/(AW44:BH44<>""), 2) - COLUMN($AW$1) + 1 ), "")} -> 46082 | BN44: {=IFERROR(INDEX($AW$1:$BH$1,1,MATCH(2,1/(AW44:BH44<>""))),"")} -> 46113 | BO44: =IFERROR(_xlfn.XLOOKUP(F44,Apuração!A:A,Apuração!C:C)/_xlfn.XLOOKUP(F44,Apuração!A:A,Apuração!B:B),0) -> 0.3 | BP44: =IFERROR(_xlfn.XLOOKUP(F44,Apuração!A:A,Apuração!D:D)/_xlfn.XLOOKUP(F44,Apuração!A:A,Apuração!B:B),0) -> 0.2 | BQ44: =IF(BK44>=BO44,0,_xlfn.XLOOKUP(F44,Apuração!A:A,Apuração!B:B)*(BO44 + (1/_xlfn.XLOOKUP(F44,Apuração!A:A,Apuração!B:B)) - BK44)) -> 0 | BR44: =IF(BQ44=0,0,BQ44*Z44) -> 0 | BS44: =IFERROR((_xlfn.XLOOKUP(F44,Apuração!A:A,Apuração!C:C)+1)/_xlfn.XLOOKUP(F44,Apuração!A:A,Apuração!B:B),0) -> 0.4
A45: POPULAÇÃO | B45: E+Segurança: empresas de uso mutuo | C45: AL | D45: OESTE | E45: {=_xlfn.IFS( F45 = "A partir de Abril", "Aguardando Execução na Distribuidora", A45 = "CAPACITAÇÃO", "Em execução no Corporativo", TRUE, "Em Execução na Distribuidora" )} -> Em Execução na Distribuidora | F45: {=_xlfn.IFS( AG45 <> "", "Jan-Dez/26", AH45 <> "", "Fev-Dez/26", AI45 <> "", "Mar-Dez/26", AJ45 <> "", "Abr-Dez/26", TRUE, "A partir de Junho" )} -> Mar-Dez/26 | G45: Iniciada | H45: P3 | I45: Público diretamente impactado | J45: {=_xlfn.LET( _xlpm.actual_value_month, INDEX(T45:AE45, MATCH(DATE(YEAR(TODAY()), MONTH(TODAY()), 1), $T$1:$AE$1, 0)), IF(_xlpm.actual_value_month <> "",_xlpm.actual_value_month & " ações mensais", "") )} | K45: {=_xlfn.LET( _xlpm.sum_month, SUM(T45:AE45), IF(_xlpm.sum_month = 0, "", _xlpm.sum_month & " público impactado no ano.") )} | L45: Público diretamente impactado | M45: 1 | N45: Item de controle | O45: Número absoluto | P45: - | Q45: - | R45: - | S45: - | AI45: 0 | AJ45: 0 | AS45: =IF(MONTH(TODAY())=3,SUM(T45:U45),IF(MONTH(TODAY())=4,SUM(T45:V45),IF(MONTH(TODAY())=5,SUM(T45:W45),IF(MONTH(TODAY())=6,SUM(T45:X45),IF(MONTH(TODAY())=7,SUM(T45:Y45),IF(MONTH(TODAY())=8,SUM(T45:Z45),IF(MONTH(TODAY())=9,SUM(T45:AA45),IF(MONTH(TODAY())=10,SUM(T45:AB45),IF(MONTH(TODAY())=11,SUM(T45:AC45),IF(MONTH(TODAY())=12,SUM(T45:AD45),IF(MONTH(TODAY())=1,SUM(T45:AE45),T45))))))))))) -> 0 | AT45: =SUM(AG45:AR45) -> 0 | AU45: =SUM(AG45:AR45) -> 0 | AW45: =AG45 -> 0 | AX45: =AH45 -> 0 | AY45: =AI45 -> 0 | AZ45: =AJ45 -> 0 | BI45: {=IFERROR(INDEX(AW45:BH45,1,MATCH(2,1/(AW45:BH45<>""))),"")} -> 0 | BJ45: {=IF(BM45 = "", "",IFERROR(INDEX(AW45:BH45,1,MATCH(2,1/(AW45:BH45<>""),1)-1),""))} -> 0 | BK45: =SUM(AW45:BH45) -> 0 | BL45: {=IFERROR(SUM(AW45:INDEX(AW45:BH45, MATCH(2, 1/(AW45:BH45<>""), 1) - 1))/_xlfn.XLOOKUP(F45,Apuração!A:A,Apuração!B:B),0)} -> 0 | BM45: {=IFERROR( INDEX($AW$1:$BH$1, _xlfn.AGGREGATE(14, 6, COLUMN($AW$1:$BH$1)/(AW45:BH45<>""), 2) - COLUMN($AW$1) + 1 ), "")} -> 46082 | BN45: {=IFERROR(INDEX($AW$1:$BH$1,1,MATCH(2,1/(AW45:BH45<>""))),"")} -> 46113 | BO45: =IFERROR(_xlfn.XLOOKUP(F45,Apuração!A:A,Apuração!C:C)/_xlfn.XLOOKUP(F45,Apuração!A:A,Apuração!B:B),0) -> 0.3 | BP45: =IFERROR(_xlfn.XLOOKUP(F45,Apuração!A:A,Apuração!D:D)/_xlfn.XLOOKUP(F45,Apuração!A:A,Apuração!B:B),0) -> 0.2 | BQ45: =IF(BK45>=BO45,0,_xlfn.XLOOKUP(F45,Apuração!A:A,Apuração!B:B)*(BO45 + (1/_xlfn.XLOOKUP(F45,Apuração!A:A,Apuração!B:B)) - BK45)) -> 4 | BR45: =IF(BQ45=0,0,BQ45*Z45) -> 0 | BS45: =IFERROR((_xlfn.XLOOKUP(F45,Apuração!A:A,Apuração!C:C)+1)/_xlfn.XLOOKUP(F45,Apuração!A:A,Apuração!B:B),0) -> 0.4
A46: POPULAÇÃO | B46: E+Segurança: comunicação externa - Risco com AT | C46: AL | D46: TODAS | E46: Aguardando Execução no Corporativo | F46: {=_xlfn.IFS( AG46 <> "", "Jan-Dez/26", AH46 <> "", "Fev-Dez/26", AI46 <> "", "Mar-Dez/26", AJ46 <> "", "Abr-Dez/26", TRUE, "A partir de Junho" )} -> A partir de Junho | G46: Não Iniciada | H46: P1 | I46: (N° de ações planejadas/N° de ações realizadas)*100 | J46: {=_xlfn.LET( _xlpm.actual_value_month, INDEX(T46:AE46, MATCH(DATE(YEAR(TODAY()), MONTH(TODAY()), 1), $T$1:$AE$1, 0)), IF(_xlpm.actual_value_month <> "",_xlpm.actual_value_month & " ações mensais", "") )} -> 2 ações mensais | K46: {=_xlfn.LET( _xlpm.sum_month, SUM(T46:AE46), IF(_xlpm.sum_month = 0, "", _xlpm.sum_month & " eventos realizados") )} -> 18 eventos realizados | L46: Quantidade de eventos realizados​ | M46: 01 ações ou entrevistas realizadas por mês por regional | N46: Indicador | O46: Percentual | P46: - | Q46: - | R46: - | S46: - | W46: 2 | X46: 2 | Y46: 2 | Z46: 2 | AA46: 2 | AB46: 2 | AC46: 2 | AD46: 2 | AE46: 2 | AS46: =IF(MONTH(TODAY())=3,SUM(T46:U46),IF(MONTH(TODAY())=4,SUM(T46:V46),IF(MONTH(TODAY())=5,SUM(T46:W46),IF(MONTH(TODAY())=6,SUM(T46:X46),IF(MONTH(TODAY())=7,SUM(T46:Y46),IF(MONTH(TODAY())=8,SUM(T46:Z46),IF(MONTH(TODAY())=9,SUM(T46:AA46),IF(MONTH(TODAY())=10,SUM(T46:AB46),IF(MONTH(TODAY())=11,SUM(T46:AC46),IF(MONTH(TODAY())=12,SUM(T46:AD46),IF(MONTH(TODAY())=1,SUM(T46:AE46),T46))))))))))) -> 4 | AT46: =SUM(IF(AW46<1.15,AG46,1.15*T46),IF(AX46<1.15,AH46,1.15*U46),IF(AY46<1.15,AI46,1.15*V46),IF(AZ46<1.15,AJ46,1.15*W46),IF(BA46<1.15,AK46,1.15*X46),IF(BB46<1.15,AL46,1.15*Y46),IF(BC46<1.15,AM46,1.15*Z46),IF(BD46<1.15,AN46,1.15*AA46),IF(BE46<1.15,AO46,1.15*AB46),IF(BF46<1.15,AP46,1.15*AC46),IF(BG46<1.15,AQ46,1.15*AD46),IF(BH46<1.15,AR46,1.15*AE46)) -> 0 | AU46: =SUM(AG46:AR46) -> 0 | AW46: =IFERROR(IF(AG46="",0,AG46/T46),0) -> 0 | AX46: =IFERROR(IF(AH46="",0,AH46/U46),0) -> 0 | AY46: =IFERROR(IF(AI46="",0,AI46/V46),0) -> 0 | AZ46: =IFERROR(IF(AJ46="",0,AJ46/W46),0) -> 0 | BI46: {=IFERROR(INDEX(AW46:BH46,1,MATCH(2,1/(AW46:BH46<>""))),"")} -> 0 | BJ46: {=IF(BM46 = "", "",IFERROR(INDEX(AW46:BH46,1,MATCH(2,1/(AW46:BH46<>""),1)-1),""))} -> 0 | BK46: =IF((IF(AW46>=115%,115%,AW46) + IF(AX46>=115%,115%,AX46) + IF(AY46>=115%,115%,AY46) + (IF(AZ46>=115%,115%,AZ46) + IF(BA46>=115%,115%,BA46) + IF(BB46>=115%,115%,BB46) + IF(BC46>=115%,115%,BC46) + IF(BD46>=115%,115%,BD46) + IF(BE46>=115%,115%,BE46) + IF(BF46>=115%,115%,BF46) + IF(BG46>=115%,115%,BG46) + IF(BH46>=115%,115%,BH46)))/_xlfn.XLOOKUP(F46,Apuração!A:A,Apuração!B:B)>=1.15,1.15,((IF(AZ46>=115%,115%,AZ46) + IF(AX46>=115%,115%,AX46) + IF(AY46>=115%,115%,AY46) + (IF(AW46>=115%,115%,AW46) + IF(BA46>=115%,115%,BA46) + IF(BB46>=115%,115%,BB46) + IF(BC46>=115%,115%,BC46) + IF(BD46>=115%,115%,BD46) + IF(BE46>=115%,115%,BE46) + IF(BF46>=115%,115%,BF46) + IF(BG46>=115%,115%,BG46) + IF(BH46>=115%,115%,BH46)))/_xlfn.XLOOKUP(F46,Apuração!A:A,Apuração!B:B))) -> 0 | BL46: {=IF(SUM(IFERROR(IF(INDEX(AW46:INDEX(AW46:BH46, MATCH(2, 1/(AW46:BH46<>""), 1)-1), ROW(INDIRECT("1:" & MATCH(2, 1/(AW46:BH46<>""), 1)-1))) >= 115%, 115%, INDEX(AW46:INDEX(AW46:BH46, MATCH(2, 1/(AW46:BH46<>""), 1)-1), ROW(INDIRECT("1:" & MATCH(2, 1/(AW46:BH46<>""), 1)-1)))), 0))/_xlfn.XLOOKUP(F46,Apuração!A:A,Apuração!B:B)>=1.15,1.15,SUM(IFERROR(IF(INDEX(AW46:INDEX(AW46:BH46, MATCH(2, 1/(AW46:BH46<>""), 1)-1), ROW(INDIRECT("1:" & MATCH(2, 1/(AW46:BH46<>""), 1)-1))) >= 115%, 115%, INDEX(AW46:INDEX(AW46:BH46, MATCH(2, 1/(AW46:BH46<>""), 1)-1), ROW(INDIRECT("1:" & MATCH(2, 1/(AW46:BH46<>""), 1)-1)))), 0))/_xlfn.XLOOKUP(F46,Apuração!A:A,Apuração!B:B))} -> 0 | BM46: {=IFERROR( INDEX($AW$1:$BH$1, _xlfn.AGGREGATE(14, 6, COLUMN($AW$1:$BH$1)/(AW46:BH46<>""), 2) - COLUMN($AW$1) + 1 ), "")} -> 46082 | BN46: {=IFERROR(INDEX($AW$1:$BH$1,1,MATCH(2,1/(AW46:BH46<>""))),"")} -> 46113 | BO46: =IFERROR(_xlfn.XLOOKUP(F46,Apuração!A:A,Apuração!C:C)/_xlfn.XLOOKUP(F46,Apuração!A:A,Apuração!B:B),0) -> 0 | BP46: =IFERROR(_xlfn.XLOOKUP(F46,Apuração!A:A,Apuração!D:D)/_xlfn.XLOOKUP(F46,Apuração!A:A,Apuração!B:B),0) -> 0 | BQ46: =IF(BK46>=BO46,0,_xlfn.XLOOKUP(F46,Apuração!A:A,Apuração!B:B)*(BO46 + (1/_xlfn.XLOOKUP(F46,Apuração!A:A,Apuração!B:B)) - BK46)) -> 0 | BR46: =IF(BQ46=0,0,BQ46*Z46) -> 0 | BS46: =IFERROR((_xlfn.XLOOKUP(F46,Apuração!A:A,Apuração!C:C)+1)/_xlfn.XLOOKUP(F46,Apuração!A:A,Apuração!B:B),0) -> 0.14285714
A47: POPULAÇÃO | B47: E+Segurança: comunicação externa - Risco com AT | C47: AL | D47: LESTE | E47: Aguardando Execução no Corporativo | F47: {=_xlfn.IFS( AG47 <> "", "Jan-Dez/26", AH47 <> "", "Fev-Dez/26", AI47 <> "", "Mar-Dez/26", AJ47 <> "", "Abr-Dez/26", TRUE, "A partir de Junho" )} -> A partir de Junho | G47: Não Iniciada | H47: P1 | I47: (N° de ações planejadas/N° de ações realizadas)*100 | J47: {=_xlfn.LET( _xlpm.actual_value_month, INDEX(T47:AE47, MATCH(DATE(YEAR(TODAY()), MONTH(TODAY()), 1), $T$1:$AE$1, 0)), IF(_xlpm.actual_value_month <> "",_xlpm.actual_value_month & " ações mensais", "") )} -> 1 ações mensais | K47: {=_xlfn.LET( _xlpm.sum_month, SUM(T47:AE47), IF(_xlpm.sum_month = 0, "", _xlpm.sum_month & " eventos realizados") )} -> 9 eventos realizados | L47: Quantidade de eventos realizados​ | M47: 01 ações ou entrevistas realizadas por mês por regional | N47: Indicador | O47: Percentual | P47: - | Q47: - | R47: - | S47: - | W47: 1 | X47: 1 | Y47: 1 | Z47: 1 | AA47: 1 | AB47: 1 | AC47: 1 | AD47: 1 | AE47: 1 | AS47: =IF(MONTH(TODAY())=3,SUM(T47:U47),IF(MONTH(TODAY())=4,SUM(T47:V47),IF(MONTH(TODAY())=5,SUM(T47:W47),IF(MONTH(TODAY())=6,SUM(T47:X47),IF(MONTH(TODAY())=7,SUM(T47:Y47),IF(MONTH(TODAY())=8,SUM(T47:Z47),IF(MONTH(TODAY())=9,SUM(T47:AA47),IF(MONTH(TODAY())=10,SUM(T47:AB47),IF(MONTH(TODAY())=11,SUM(T47:AC47),IF(MONTH(TODAY())=12,SUM(T47:AD47),IF(MONTH(TODAY())=1,SUM(T47:AE47),T47))))))))))) -> 2 | AT47: =SUM(IF(AW47<1.15,AG47,1.15*T47),IF(AX47<1.15,AH47,1.15*U47),IF(AY47<1.15,AI47,1.15*V47),IF(AZ47<1.15,AJ47,1.15*W47),IF(BA47<1.15,AK47,1.15*X47),IF(BB47<1.15,AL47,1.15*Y47),IF(BC47<1.15,AM47,1.15*Z47),IF(BD47<1.15,AN47,1.15*AA47),IF(BE47<1.15,AO47,1.15*AB47),IF(BF47<1.15,AP47,1.15*AC47),IF(BG47<1.15,AQ47,1.15*AD47),IF(BH47<1.15,AR47,1.15*AE47)) -> 0 | AU47: =SUM(AG47:AR47) -> 0 | AW47: =IFERROR(IF(AG47="",0,AG47/T47),0) -> 0 | AX47: =IFERROR(IF(AH47="",0,AH47/U47),0) -> 0 | AY47: =IFERROR(IF(AI47="",0,AI47/V47),0) -> 0 | AZ47: =IFERROR(IF(AJ47="",0,AJ47/W47),0) -> 0 | BI47: {=IFERROR(INDEX(AW47:BH47,1,MATCH(2,1/(AW47:BH47<>""))),"")} -> 0 | BJ47: {=IF(BM47 = "", "",IFERROR(INDEX(AW47:BH47,1,MATCH(2,1/(AW47:BH47<>""),1)-1),""))} -> 0 | BK47: =IF((IF(AW47>=115%,115%,AW47) + IF(AX47>=115%,115%,AX47) + IF(AY47>=115%,115%,AY47) + (IF(AZ47>=115%,115%,AZ47) + IF(BA47>=115%,115%,BA47) + IF(BB47>=115%,115%,BB47) + IF(BC47>=115%,115%,BC47) + IF(BD47>=115%,115%,BD47) + IF(BE47>=115%,115%,BE47) + IF(BF47>=115%,115%,BF47) + IF(BG47>=115%,115%,BG47) + IF(BH47>=115%,115%,BH47)))/_xlfn.XLOOKUP(F47,Apuração!A:A,Apuração!B:B)>=1.15,1.15,((IF(AZ47>=115%,115%,AZ47) + IF(AX47>=115%,115%,AX47) + IF(AY47>=115%,115%,AY47) + (IF(AW47>=115%,115%,AW47) + IF(BA47>=115%,115%,BA47) + IF(BB47>=115%,115%,BB47) + IF(BC47>=115%,115%,BC47) + IF(BD47>=115%,115%,BD47) + IF(BE47>=115%,115%,BE47) + IF(BF47>=115%,115%,BF47) + IF(BG47>=115%,115%,BG47) + IF(BH47>=115%,115%,BH47)))/_xlfn.XLOOKUP(F47,Apuração!A:A,Apuração!B:B))) -> 0 | BL47: {=IF(SUM(IFERROR(IF(INDEX(AW47:INDEX(AW47:BH47, MATCH(2, 1/(AW47:BH47<>""), 1)-1), ROW(INDIRECT("1:" & MATCH(2, 1/(AW47:BH47<>""), 1)-1))) >= 115%, 115%, INDEX(AW47:INDEX(AW47:BH47, MATCH(2, 1/(AW47:BH47<>""), 1)-1), ROW(INDIRECT("1:" & MATCH(2, 1/(AW47:BH47<>""), 1)-1)))), 0))/_xlfn.XLOOKUP(F47,Apuração!A:A,Apuração!B:B)>=1.15,1.15,SUM(IFERROR(IF(INDEX(AW47:INDEX(AW47:BH47, MATCH(2, 1/(AW47:BH47<>""), 1)-1), ROW(INDIRECT("1:" & MATCH(2, 1/(AW47:BH47<>""), 1)-1))) >= 115%, 115%, INDEX(AW47:INDEX(AW47:BH47, MATCH(2, 1/(AW47:BH47<>""), 1)-1), ROW(INDIRECT("1:" & MATCH(2, 1/(AW47:BH47<>""), 1)-1)))), 0))/_xlfn.XLOOKUP(F47,Apuração!A:A,Apuração!B:B))} -> 0 | BM47: {=IFERROR( INDEX($AW$1:$BH$1, _xlfn.AGGREGATE(14, 6, COLUMN($AW$1:$BH$1)/(AW47:BH47<>""), 2) - COLUMN($AW$1) + 1 ), "")} -> 46082 | BN47: {=IFERROR(INDEX($AW$1:$BH$1,1,MATCH(2,1/(AW47:BH47<>""))),"")} -> 46113 | BO47: =IFERROR(_xlfn.XLOOKUP(F47,Apuração!A:A,Apuração!C:C)/_xlfn.XLOOKUP(F47,Apuração!A:A,Apuração!B:B),0) -> 0 | BP47: =IFERROR(_xlfn.XLOOKUP(F47,Apuração!A:A,Apuração!D:D)/_xlfn.XLOOKUP(F47,Apuração!A:A,Apuração!B:B),0) -> 0 | BQ47: =IF(BK47>=BO47,0,_xlfn.XLOOKUP(F47,Apuração!A:A,Apuração!B:B)*(BO47 + (1/_xlfn.XLOOKUP(F47,Apuração!A:A,Apuração!B:B)) - BK47)) -> 0 | BR47: =IF(BQ47=0,0,BQ47*Z47) -> 0 | BS47: =IFERROR((_xlfn.XLOOKUP(F47,Apuração!A:A,Apuração!C:C)+1)/_xlfn.XLOOKUP(F47,Apuração!A:A,Apuração!B:B),0) -> 0.14285714
A48: POPULAÇÃO | B48: E+Segurança: comunicação externa - Risco com AT | C48: AL | D48: OESTE | E48: Aguardando Execução no Corporativo | F48: {=_xlfn.IFS( AG48 <> "", "Jan-Dez/26", AH48 <> "", "Fev-Dez/26", AI48 <> "", "Mar-Dez/26", AJ48 <> "", "Abr-Dez/26", TRUE, "A partir de Junho" )} -> A partir de Junho | G48: Não Iniciada | H48: P1 | I48: (N° de ações planejadas/N° de ações realizadas)*100 | J48: {=_xlfn.LET( _xlpm.actual_value_month, INDEX(T48:AE48, MATCH(DATE(YEAR(TODAY()), MONTH(TODAY()), 1), $T$1:$AE$1, 0)), IF(_xlpm.actual_value_month <> "",_xlpm.actual_value_month & " ações mensais", "") )} -> 1 ações mensais | K48: {=_xlfn.LET( _xlpm.sum_month, SUM(T48:AE48), IF(_xlpm.sum_month = 0, "", _xlpm.sum_month & " eventos realizados") )} -> 9 eventos realizados | L48: Quantidade de eventos realizados​ | M48: 01 ações ou entrevistas realizadas por mês por regional | N48: Indicador | O48: Percentual | P48: - | Q48: - | R48: - | S48: - | W48: 1 | X48: 1 | Y48: 1 | Z48: 1 | AA48: 1 | AB48: 1 | AC48: 1 | AD48: 1 | AE48: 1 | AS48: =IF(MONTH(TODAY())=3,SUM(T48:U48),IF(MONTH(TODAY())=4,SUM(T48:V48),IF(MONTH(TODAY())=5,SUM(T48:W48),IF(MONTH(TODAY())=6,SUM(T48:X48),IF(MONTH(TODAY())=7,SUM(T48:Y48),IF(MONTH(TODAY())=8,SUM(T48:Z48),IF(MONTH(TODAY())=9,SUM(T48:AA48),IF(MONTH(TODAY())=10,SUM(T48:AB48),IF(MONTH(TODAY())=11,SUM(T48:AC48),IF(MONTH(TODAY())=12,SUM(T48:AD48),IF(MONTH(TODAY())=1,SUM(T48:AE48),T48))))))))))) -> 2 | AT48: =SUM(IF(AW48<1.15,AG48,1.15*T48),IF(AX48<1.15,AH48,1.15*U48),IF(AY48<1.15,AI48,1.15*V48),IF(AZ48<1.15,AJ48,1.15*W48),IF(BA48<1.15,AK48,1.15*X48),IF(BB48<1.15,AL48,1.15*Y48),IF(BC48<1.15,AM48,1.15*Z48),IF(BD48<1.15,AN48,1.15*AA48),IF(BE48<1.15,AO48,1.15*AB48),IF(BF48<1.15,AP48,1.15*AC48),IF(BG48<1.15,AQ48,1.15*AD48),IF(BH48<1.15,AR48,1.15*AE48)) -> 0 | AU48: =SUM(AG48:AR48) -> 0 | AW48: =IFERROR(IF(AG48="",0,AG48/T48),0) -> 0 | AX48: =IFERROR(IF(AH48="",0,AH48/U48),0) -> 0 | AY48: =IFERROR(IF(AI48="",0,AI48/V48),0) -> 0 | AZ48: =IFERROR(IF(AJ48="",0,AJ48/W48),0) -> 0 | BI48: {=IFERROR(INDEX(AW48:BH48,1,MATCH(2,1/(AW48:BH48<>""))),"")} -> 0 | BJ48: {=IF(BM48 = "", "",IFERROR(INDEX(AW48:BH48,1,MATCH(2,1/(AW48:BH48<>""),1)-1),""))} -> 0 | BK48: =IF((IF(AW48>=115%,115%,AW48) + IF(AX48>=115%,115%,AX48) + IF(AY48>=115%,115%,AY48) + (IF(AZ48>=115%,115%,AZ48) + IF(BA48>=115%,115%,BA48) + IF(BB48>=115%,115%,BB48) + IF(BC48>=115%,115%,BC48) + IF(BD48>=115%,115%,BD48) + IF(BE48>=115%,115%,BE48) + IF(BF48>=115%,115%,BF48) + IF(BG48>=115%,115%,BG48) + IF(BH48>=115%,115%,BH48)))/_xlfn.XLOOKUP(F48,Apuração!A:A,Apuração!B:B)>=1.15,1.15,((IF(AZ48>=115%,115%,AZ48) + IF(AX48>=115%,115%,AX48) + IF(AY48>=115%,115%,AY48) + (IF(AW48>=115%,115%,AW48) + IF(BA48>=115%,115%,BA48) + IF(BB48>=115%,115%,BB48) + IF(BC48>=115%,115%,BC48) + IF(BD48>=115%,115%,BD48) + IF(BE48>=115%,115%,BE48) + IF(BF48>=115%,115%,BF48) + IF(BG48>=115%,115%,BG48) + IF(BH48>=115%,115%,BH48)))/_xlfn.XLOOKUP(F48,Apuração!A:A,Apuração!B:B))) -> 0 | BL48: {=IF(SUM(IFERROR(IF(INDEX(AW48:INDEX(AW48:BH48, MATCH(2, 1/(AW48:BH48<>""), 1)-1), ROW(INDIRECT("1:" & MATCH(2, 1/(AW48:BH48<>""), 1)-1))) >= 115%, 115%, INDEX(AW48:INDEX(AW48:BH48, MATCH(2, 1/(AW48:BH48<>""), 1)-1), ROW(INDIRECT("1:" & MATCH(2, 1/(AW48:BH48<>""), 1)-1)))), 0))/_xlfn.XLOOKUP(F48,Apuração!A:A,Apuração!B:B)>=1.15,1.15,SUM(IFERROR(IF(INDEX(AW48:INDEX(AW48:BH48, MATCH(2, 1/(AW48:BH48<>""), 1)-1), ROW(INDIRECT("1:" & MATCH(2, 1/(AW48:BH48<>""), 1)-1))) >= 115%, 115%, INDEX(AW48:INDEX(AW48:BH48, MATCH(2, 1/(AW48:BH48<>""), 1)-1), ROW(INDIRECT("1:" & MATCH(2, 1/(AW48:BH48<>""), 1)-1)))), 0))/_xlfn.XLOOKUP(F48,Apuração!A:A,Apuração!B:B))} -> 0 | BM48: {=IFERROR( INDEX($AW$1:$BH$1, _xlfn.AGGREGATE(14, 6, COLUMN($AW$1:$BH$1)/(AW48:BH48<>""), 2) - COLUMN($AW$1) + 1 ), "")} -> 46082 | BN48: {=IFERROR(INDEX($AW$1:$BH$1,1,MATCH(2,1/(AW48:BH48<>""))),"")} -> 46113 | BO48: =IFERROR(_xlfn.XLOOKUP(F48,Apuração!A:A,Apuração!C:C)/_xlfn.XLOOKUP(F48,Apuração!A:A,Apuração!B:B),0) -> 0 | BP48: =IFERROR(_xlfn.XLOOKUP(F48,Apuração!A:A,Apuração!D:D)/_xlfn.XLOOKUP(F48,Apuração!A:A,Apuração!B:B),0) -> 0 | BQ48: =IF(BK48>=BO48,0,_xlfn.XLOOKUP(F48,Apuração!A:A,Apuração!B:B)*(BO48 + (1/_xlfn.XLOOKUP(F48,Apuração!A:A,Apuração!B:B)) - BK48)) -> 0 | BR48: =IF(BQ48=0,0,BQ48*Z48) -> 0 | BS48: =IFERROR((_xlfn.XLOOKUP(F48,Apuração!A:A,Apuração!C:C)+1)/_xlfn.XLOOKUP(F48,Apuração!A:A,Apuração!B:B),0) -> 0.14285714
A49: POPULAÇÃO | B49: E+Segurança: comunicação externa - Risco com AT | C49: AL | D49: TODAS | E49: Aguardando Execução no Corporativo | F49: {=_xlfn.IFS( AG49 <> "", "Jan-Dez/26", AH49 <> "", "Fev-Dez/26", AI49 <> "", "Mar-Dez/26", AJ49 <> "", "Abr-Dez/26", TRUE, "A partir de Junho" )} -> A partir de Junho | G49: Não Iniciada | H49: P1 | I49: Público diretamente impactado | J49: {=_xlfn.LET( _xlpm.actual_value_month, INDEX(T49:AE49, MATCH(DATE(YEAR(TODAY()), MONTH(TODAY()), 1), $T$1:$AE$1, 0)), IF(_xlpm.actual_value_month <> "",_xlpm.actual_value_month & " ações mensais", "") )} | K49: {=_xlfn.LET( _xlpm.sum_month, SUM(T49:AE49), IF(_xlpm.sum_month = 0, "", _xlpm.sum_month & " público impactado no ano.") )} | L49: Público diretamente impactado | M49: 1 | N49: Item de controle | O49: Número absoluto | P49: - | Q49: - | R49: - | S49: - | AS49: =IF(MONTH(TODAY())=3,SUM(T49:U49),IF(MONTH(TODAY())=4,SUM(T49:V49),IF(MONTH(TODAY())=5,SUM(T49:W49),IF(MONTH(TODAY())=6,SUM(T49:X49),IF(MONTH(TODAY())=7,SUM(T49:Y49),IF(MONTH(TODAY())=8,SUM(T49:Z49),IF(MONTH(TODAY())=9,SUM(T49:AA49),IF(MONTH(TODAY())=10,SUM(T49:AB49),IF(MONTH(TODAY())=11,SUM(T49:AC49),IF(MONTH(TODAY())=12,SUM(T49:AD49),IF(MONTH(TODAY())=1,SUM(T49:AE49),T49))))))))))) -> 0 | AT49: =SUM(AG49:AR49) -> 0 | AU49: =SUM(AG49:AR49) -> 0 | AW49: =AG49 -> 0 | AX49: =AH49 -> 0 | AY49: =AI49 -> 0 | AZ49: =AJ49 -> 0 | BI49: {=IFERROR(INDEX(AW49:BH49,1,MATCH(2,1/(AW49:BH49<>""))),"")} -> 0 | BJ49: {=IF(BM49 = "", "",IFERROR(INDEX(AW49:BH49,1,MATCH(2,1/(AW49:BH49<>""),1)-1),""))} -> 0 | BK49: =SUM(AW49:BH49) -> 0 | BL49: {=IFERROR(SUM(AW49:INDEX(AW49:BH49, MATCH(2, 1/(AW49:BH49<>""), 1) - 1))/_xlfn.XLOOKUP(F49,Apuração!A:A,Apuração!B:B),0)} -> 0 | BM49: {=IFERROR( INDEX($AW$1:$BH$1, _xlfn.AGGREGATE(14, 6, COLUMN($AW$1:$BH$1)/(AW49:BH49<>""), 2) - COLUMN($AW$1) + 1 ), "")} -> 46082 | BN49: {=IFERROR(INDEX($AW$1:$BH$1,1,MATCH(2,1/(AW49:BH49<>""))),"")} -> 46113 | BO49: =IFERROR(_xlfn.XLOOKUP(F49,Apuração!A:A,Apuração!C:C)/_xlfn.XLOOKUP(F49,Apuração!A:A,Apuração!B:B),0) -> 0 | BP49: =IFERROR(_xlfn.XLOOKUP(F49,Apuração!A:A,Apuração!D:D)/_xlfn.XLOOKUP(F49,Apuração!A:A,Apuração!B:B),0) -> 0 | BQ49: =IF(BK49>=BO49,0,_xlfn.XLOOKUP(F49,Apuração!A:A,Apuração!B:B)*(BO49 + (1/_xlfn.XLOOKUP(F49,Apuração!A:A,Apuração!B:B)) - BK49)) -> 0 | BR49: =IF(BQ49=0,0,BQ49*Z49) -> 0 | BS49: =IFERROR((_xlfn.XLOOKUP(F49,Apuração!A:A,Apuração!C:C)+1)/_xlfn.XLOOKUP(F49,Apuração!A:A,Apuração!B:B),0) -> 0.14285714
A50: POPULAÇÃO | B50: E+Segurança: comunicação externa - Risco com AT | C50: AL | D50: LESTE | E50: Aguardando Execução no Corporativo | F50: {=_xlfn.IFS( AG50 <> "", "Jan-Dez/26", AH50 <> "", "Fev-Dez/26", AI50 <> "", "Mar-Dez/26", AJ50 <> "", "Abr-Dez/26", TRUE, "A partir de Junho" )} -> A partir de Junho | G50: Não Iniciada | H50: P1 | I50: Público diretamente impactado | J50: {=_xlfn.LET( _xlpm.actual_value_month, INDEX(T50:AE50, MATCH(DATE(YEAR(TODAY()), MONTH(TODAY()), 1), $T$1:$AE$1, 0)), IF(_xlpm.actual_value_month <> "",_xlpm.actual_value_month & " ações mensais", "") )} | K50: {=_xlfn.LET( _xlpm.sum_month, SUM(T50:AE50), IF(_xlpm.sum_month = 0, "", _xlpm.sum_month & " público impactado no ano.") )} | L50: Público diretamente impactado | M50: 1 | N50: Item de controle | O50: Número absoluto | P50: - | Q50: - | R50: - | S50: - | AS50: =IF(MONTH(TODAY())=3,SUM(T50:U50),IF(MONTH(TODAY())=4,SUM(T50:V50),IF(MONTH(TODAY())=5,SUM(T50:W50),IF(MONTH(TODAY())=6,SUM(T50:X50),IF(MONTH(TODAY())=7,SUM(T50:Y50),IF(MONTH(TODAY())=8,SUM(T50:Z50),IF(MONTH(TODAY())=9,SUM(T50:AA50),IF(MONTH(TODAY())=10,SUM(T50:AB50),IF(MONTH(TODAY())=11,SUM(T50:AC50),IF(MONTH(TODAY())=12,SUM(T50:AD50),IF(MONTH(TODAY())=1,SUM(T50:AE50),T50))))))))))) -> 0 | AT50: =SUM(AG50:AR50) -> 0 | AU50: =SUM(AG50:AR50) -> 0 | AW50: =AG50 -> 0 | AX50: =AH50 -> 0 | AY50: =AI50 -> 0 | AZ50: =AJ50 -> 0 | BI50: {=IFERROR(INDEX(AW50:BH50,1,MATCH(2,1/(AW50:BH50<>""))),"")} -> 0 | BJ50: {=IF(BM50 = "", "",IFERROR(INDEX(AW50:BH50,1,MATCH(2,1/(AW50:BH50<>""),1)-1),""))} -> 0 | BK50: =SUM(AW50:BH50) -> 0 | BL50: {=IFERROR(SUM(AW50:INDEX(AW50:BH50, MATCH(2, 1/(AW50:BH50<>""), 1) - 1))/_xlfn.XLOOKUP(F50,Apuração!A:A,Apuração!B:B),0)} -> 0 | BM50: {=IFERROR( INDEX($AW$1:$BH$1, _xlfn.AGGREGATE(14, 6, COLUMN($AW$1:$BH$1)/(AW50:BH50<>""), 2) - COLUMN($AW$1) + 1 ), "")} -> 46082 | BN50: {=IFERROR(INDEX($AW$1:$BH$1,1,MATCH(2,1/(AW50:BH50<>""))),"")} -> 46113 | BO50: =IFERROR(_xlfn.XLOOKUP(F50,Apuração!A:A,Apuração!C:C)/_xlfn.XLOOKUP(F50,Apuração!A:A,Apuração!B:B),0) -> 0 | BP50: =IFERROR(_xlfn.XLOOKUP(F50,Apuração!A:A,Apuração!D:D)/_xlfn.XLOOKUP(F50,Apuração!A:A,Apuração!B:B),0) -> 0 | BQ50: =IF(BK50>=BO50,0,_xlfn.XLOOKUP(F50,Apuração!A:A,Apuração!B:B)*(BO50 + (1/_xlfn.XLOOKUP(F50,Apuração!A:A,Apuração!B:B)) - BK50)) -> 0 | BR50: =IF(BQ50=0,0,BQ50*Z50) -> 0 | BS50: =IFERROR((_xlfn.XLOOKUP(F50,Apuração!A:A,Apuração!C:C)+1)/_xlfn.XLOOKUP(F50,Apuração!A:A,Apuração!B:B),0) -> 0.14285714
A51: POPULAÇÃO | B51: E+Segurança: comunicação externa - Risco com AT | C51: AL | D51: OESTE | E51: Aguardando Execução no Corporativo | F51: {=_xlfn.IFS( AG51 <> "", "Jan-Dez/26", AH51 <> "", "Fev-Dez/26", AI51 <> "", "Mar-Dez/26", AJ51 <> "", "Abr-Dez/26", TRUE, "A partir de Junho" )} -> A partir de Junho | G51: Não Iniciada | H51: P1 | I51: Público diretamente impactado | J51: {=_xlfn.LET( _xlpm.actual_value_month, INDEX(T51:AE51, MATCH(DATE(YEAR(TODAY()), MONTH(TODAY()), 1), $T$1:$AE$1, 0)), IF(_xlpm.actual_value_month <> "",_xlpm.actual_value_month & " ações mensais", "") )} | K51: {=_xlfn.LET( _xlpm.sum_month, SUM(T51:AE51), IF(_xlpm.sum_month = 0, "", _xlpm.sum_month & " público impactado no ano.") )} | L51: Público diretamente impactado | M51: 1 | N51: Item de controle | O51: Número absoluto | P51: - | Q51: - | R51: - | S51: - | AS51: =IF(MONTH(TODAY())=3,SUM(T51:U51),IF(MONTH(TODAY())=4,SUM(T51:V51),IF(MONTH(TODAY())=5,SUM(T51:W51),IF(MONTH(TODAY())=6,SUM(T51:X51),IF(MONTH(TODAY())=7,SUM(T51:Y51),IF(MONTH(TODAY())=8,SUM(T51:Z51),IF(MONTH(TODAY())=9,SUM(T51:AA51),IF(MONTH(TODAY())=10,SUM(T51:AB51),IF(MONTH(TODAY())=11,SUM(T51:AC51),IF(MONTH(TODAY())=12,SUM(T51:AD51),IF(MONTH(TODAY())=1,SUM(T51:AE51),T51))))))))))) -> 0 | AT51: =SUM(AG51:AR51) -> 0 | AU51: =SUM(AG51:AR51) -> 0 | AW51: =AG51 -> 0 | AX51: =AH51 -> 0 | AY51: =AI51 -> 0 | AZ51: =AJ51 -> 0 | BI51: {=IFERROR(INDEX(AW51:BH51,1,MATCH(2,1/(AW51:BH51<>""))),"")} -> 0 | BJ51: {=IF(BM51 = "", "",IFERROR(INDEX(AW51:BH51,1,MATCH(2,1/(AW51:BH51<>""),1)-1),""))} -> 0 | BK51: =SUM(AW51:BH51) -> 0 | BL51: {=IFERROR(SUM(AW51:INDEX(AW51:BH51, MATCH(2, 1/(AW51:BH51<>""), 1) - 1))/_xlfn.XLOOKUP(F51,Apuração!A:A,Apuração!B:B),0)} -> 0 | BM51: {=IFERROR( INDEX($AW$1:$BH$1, _xlfn.AGGREGATE(14, 6, COLUMN($AW$1:$BH$1)/(AW51:BH51<>""), 2) - COLUMN($AW$1) + 1 ), "")} -> 46082 | BN51: {=IFERROR(INDEX($AW$1:$BH$1,1,MATCH(2,1/(AW51:BH51<>""))),"")} -> 46113 | BO51: =IFERROR(_xlfn.XLOOKUP(F51,Apuração!A:A,Apuração!C:C)/_xlfn.XLOOKUP(F51,Apuração!A:A,Apuração!B:B),0) -> 0 | BP51: =IFERROR(_xlfn.XLOOKUP(F51,Apuração!A:A,Apuração!D:D)/_xlfn.XLOOKUP(F51,Apuração!A:A,Apuração!B:B),0) -> 0 | BQ51: =IF(BK51>=BO51,0,_xlfn.XLOOKUP(F51,Apuração!A:A,Apuração!B:B)*(BO51 + (1/_xlfn.XLOOKUP(F51,Apuração!A:A,Apuração!B:B)) - BK51)) -> 0 | BR51: =IF(BQ51=0,0,BQ51*Z51) -> 0 | BS51: =IFERROR((_xlfn.XLOOKUP(F51,Apuração!A:A,Apuração!C:C)+1)/_xlfn.XLOOKUP(F51,Apuração!A:A,Apuração!B:B),0) -> 0.14285714
A52: LIDERANÇA | B52: Formação de líderes em Alta Tensão | C52: AL | D52: TODAS | E52: Aguardando Execução no Corporativo | F52: {=_xlfn.IFS( AG52 <> "", "Jan-Dez/26", AH52 <> "", "Fev-Dez/26", AI52 <> "", "Mar-Dez/26", AJ52 <> "", "Abr-Dez/26", TRUE, "A partir de Junho" )} -> A partir de Junho | G52: Não Iniciada | H52: P1 | I52: Total de líderes certitifcados/Total de líderes mapeados | J52: {=_xlfn.LET( _xlpm.actual_value_month, INDEX(T52:AE52, MATCH(DATE(YEAR(TODAY()), MONTH(TODAY()), 1), $T$1:$AE$1, 0)), IF(_xlpm.actual_value_month <> "",_xlpm.actual_value_month & " ações mensais", "") )} | K52: {=_xlfn.LET( _xlpm.sum_month, SUM(T52:AE52), IF(_xlpm.sum_month = 0, "", _xlpm.sum_month & " certificados gerados no ano") )} | L52: Certificados no treinamento de Alta Tensão | N52: Indicador | AS52: =AE52*BO52 -> 0 | AT52: {=IFERROR(INDEX(AJ52:AR52,1,MATCH(2,1/(AJ52:AR52<>""))),"")} | AU52: =AT52 | AW52: =IFERROR(IF(AG52="",0,AG52/T52),0) -> 0 | AX52: =IFERROR(IF(AH52="",0,AH52/U52),0) -> 0 | AY52: =IFERROR(IF(AI52="",0,AI52/V52),0) -> 0 | AZ52: =IFERROR(IF(AJ52="",0,AJ52/W52),0) -> 0 | BA52: =IFERROR(IF(AK52="",0,AK52/X52),0) -> 0 | BI52: {=IFERROR(INDEX(AW52:BH52,1,MATCH(2,1/(AW52:BH52<>""))),"")} -> 0 | BJ52: {=IF(BM52 = "", "",IFERROR(INDEX(AW52:BH52,1,MATCH(2,1/(AW52:BH52<>""),1)-1),""))} -> 0 | BK52: =IF((IF(AW52>=115%,115%,AW52) + IF(AX52>=115%,115%,AX52) + IF(AY52>=115%,115%,AY52) + (IF(AZ52>=115%,115%,AZ52) + IF(BA52>=115%,115%,BA52) + IF(BB52>=115%,115%,BB52) + IF(BC52>=115%,115%,BC52) + IF(BD52>=115%,115%,BD52) + IF(BE52>=115%,115%,BE52) + IF(BF52>=115%,115%,BF52) + IF(BG52>=115%,115%,BG52) + IF(BH52>=115%,115%,BH52)))/_xlfn.XLOOKUP(F52,Apuração!A:A,Apuração!B:B)>=1.15,1.15,((IF(AZ52>=115%,115%,AZ52) + IF(AX52>=115%,115%,AX52) + IF(AY52>=115%,115%,AY52) + (IF(AW52>=115%,115%,AW52) + IF(BA52>=115%,115%,BA52) + IF(BB52>=115%,115%,BB52) + IF(BC52>=115%,115%,BC52) + IF(BD52>=115%,115%,BD52) + IF(BE52>=115%,115%,BE52) + IF(BF52>=115%,115%,BF52) + IF(BG52>=115%,115%,BG52) + IF(BH52>=115%,115%,BH52)))/_xlfn.XLOOKUP(F52,Apuração!A:A,Apuração!B:B))) -> 0 | BL52: {=IF(SUM(IFERROR(IF(INDEX(AW52:INDEX(AW52:BH52, MATCH(2, 1/(AW52:BH52<>""), 1)-1), ROW(INDIRECT("1:" & MATCH(2, 1/(AW52:BH52<>""), 1)-1))) >= 115%, 115%, INDEX(AW52:INDEX(AW52:BH52, MATCH(2, 1/(AW52:BH52<>""), 1)-1), ROW(INDIRECT("1:" & MATCH(2, 1/(AW52:BH52<>""), 1)-1)))), 0))/_xlfn.XLOOKUP(F52,Apuração!A:A,Apuração!B:B)>=1.15,1.15,SUM(IFERROR(IF(INDEX(AW52:INDEX(AW52:BH52, MATCH(2, 1/(AW52:BH52<>""), 1)-1), ROW(INDIRECT("1:" & MATCH(2, 1/(AW52:BH52<>""), 1)-1))) >= 115%, 115%, INDEX(AW52:INDEX(AW52:BH52, MATCH(2, 1/(AW52:BH52<>""), 1)-1), ROW(INDIRECT("1:" & MATCH(2, 1/(AW52:BH52<>""), 1)-1)))), 0))/_xlfn.XLOOKUP(F52,Apuração!A:A,Apuração!B:B))} -> 0 | BM52: {=IFERROR( INDEX($AW$1:$BH$1, _xlfn.AGGREGATE(14, 6, COLUMN($AW$1:$BH$1)/(AW52:BH52<>""), 2) - COLUMN($AW$1) + 1 ), "")} -> 46113 | BN52: {=IFERROR(INDEX($AW$1:$BH$1,1,MATCH(2,1/(AW52:BH52<>""))),"")} -> 46143 | BO52: =IFERROR(_xlfn.XLOOKUP(F52,Apuração!A:A,Apuração!C:C)/_xlfn.XLOOKUP(F52,Apuração!A:A,Apuração!B:B),0) -> 0 | BP52: =IFERROR(_xlfn.XLOOKUP(F52,Apuração!A:A,Apuração!D:D)/_xlfn.XLOOKUP(F52,Apuração!A:A,Apuração!B:B),0) -> 0 | BQ52: =IF(BK52>=BO52,0,_xlfn.XLOOKUP(F52,Apuração!A:A,Apuração!B:B)*(BO52 + (1/_xlfn.XLOOKUP(F52,Apuração!A:A,Apuração!B:B)) - BK52)) -> 0 | BR52: =IF(BQ52=0,0,BQ52*Z52) -> 0 | BS52: =IFERROR((_xlfn.XLOOKUP(F52,Apuração!A:A,Apuração!C:C)+1)/_xlfn.XLOOKUP(F52,Apuração!A:A,Apuração!B:B),0) -> 0.14285714
A53: LIDERANÇA | B53: Formação de líderes em Alta Tensão | C53: AL | D53: LESTE | E53: Aguardando Execução no Corporativo | F53: {=_xlfn.IFS( AG53 <> "", "Jan-Dez/26", AH53 <> "", "Fev-Dez/26", AI53 <> "", "Mar-Dez/26", AJ53 <> "", "Abr-Dez/26", TRUE, "A partir de Junho" )} -> A partir de Junho | G53: Não Iniciada | H53: P1 | I53: Total de líderes certitifcados/Total de líderes mapeados | J53: {=_xlfn.LET( _xlpm.actual_value_month, INDEX(T53:AE53, MATCH(DATE(YEAR(TODAY()), MONTH(TODAY()), 1), $T$1:$AE$1, 0)), IF(_xlpm.actual_value_month <> "",_xlpm.actual_value_month & " ações mensais", "") )} | K53: {=_xlfn.LET( _xlpm.sum_month, SUM(T53:AE53), IF(_xlpm.sum_month = 0, "", _xlpm.sum_month & " certificados gerados no ano") )} | L53: Certificados no treinamento de Alta Tensão | N53: Indicador | AS53: =AE53*BO53 -> 0 | AT53: {=IFERROR(INDEX(AJ53:AR53,1,MATCH(2,1/(AJ53:AR53<>""))),"")} | AU53: =AT53 | AW53: =IFERROR(IF(AG53="",0,AG53/T53),0) -> 0 | AX53: =IFERROR(IF(AH53="",0,AH53/U53),0) -> 0 | AY53: =IFERROR(IF(AI53="",0,AI53/V53),0) -> 0 | AZ53: =IFERROR(IF(AJ53="",0,AJ53/W53),0) -> 0 | BA53: =IFERROR(IF(AK53="",0,AK53/X53),0) -> 0 | BI53: {=IFERROR(INDEX(AW53:BH53,1,MATCH(2,1/(AW53:BH53<>""))),"")} -> 0 | BJ53: {=IF(BM53 = "", "",IFERROR(INDEX(AW53:BH53,1,MATCH(2,1/(AW53:BH53<>""),1)-1),""))} -> 0 | BK53: =IF((IF(AW53>=115%,115%,AW53) + IF(AX53>=115%,115%,AX53) + IF(AY53>=115%,115%,AY53) + (IF(AZ53>=115%,115%,AZ53) + IF(BA53>=115%,115%,BA53) + IF(BB53>=115%,115%,BB53) + IF(BC53>=115%,115%,BC53) + IF(BD53>=115%,115%,BD53) + IF(BE53>=115%,115%,BE53) + IF(BF53>=115%,115%,BF53) + IF(BG53>=115%,115%,BG53) + IF(BH53>=115%,115%,BH53)))/_xlfn.XLOOKUP(F53,Apuração!A:A,Apuração!B:B)>=1.15,1.15,((IF(AZ53>=115%,115%,AZ53) + IF(AX53>=115%,115%,AX53) + IF(AY53>=115%,115%,AY53) + (IF(AW53>=115%,115%,AW53) + IF(BA53>=115%,115%,BA53) + IF(BB53>=115%,115%,BB53) + IF(BC53>=115%,115%,BC53) + IF(BD53>=115%,115%,BD53) + IF(BE53>=115%,115%,BE53) + IF(BF53>=115%,115%,BF53) + IF(BG53>=115%,115%,BG53) + IF(BH53>=115%,115%,BH53)))/_xlfn.XLOOKUP(F53,Apuração!A:A,Apuração!B:B))) -> 0 | BL53: {=IF(SUM(IFERROR(IF(INDEX(AW53:INDEX(AW53:BH53, MATCH(2, 1/(AW53:BH53<>""), 1)-1), ROW(INDIRECT("1:" & MATCH(2, 1/(AW53:BH53<>""), 1)-1))) >= 115%, 115%, INDEX(AW53:INDEX(AW53:BH53, MATCH(2, 1/(AW53:BH53<>""), 1)-1), ROW(INDIRECT("1:" & MATCH(2, 1/(AW53:BH53<>""), 1)-1)))), 0))/_xlfn.XLOOKUP(F53,Apuração!A:A,Apuração!B:B)>=1.15,1.15,SUM(IFERROR(IF(INDEX(AW53:INDEX(AW53:BH53, MATCH(2, 1/(AW53:BH53<>""), 1)-1), ROW(INDIRECT("1:" & MATCH(2, 1/(AW53:BH53<>""), 1)-1))) >= 115%, 115%, INDEX(AW53:INDEX(AW53:BH53, MATCH(2, 1/(AW53:BH53<>""), 1)-1), ROW(INDIRECT("1:" & MATCH(2, 1/(AW53:BH53<>""), 1)-1)))), 0))/_xlfn.XLOOKUP(F53,Apuração!A:A,Apuração!B:B))} -> 0 | BM53: {=IFERROR( INDEX($AW$1:$BH$1, _xlfn.AGGREGATE(14, 6, COLUMN($AW$1:$BH$1)/(AW53:BH53<>""), 2) - COLUMN($AW$1) + 1 ), "")} -> 46113 | BN53: {=IFERROR(INDEX($AW$1:$BH$1,1,MATCH(2,1/(AW53:BH53<>""))),"")} -> 46143 | BO53: =IFERROR(_xlfn.XLOOKUP(F53,Apuração!A:A,Apuração!C:C)/_xlfn.XLOOKUP(F53,Apuração!A:A,Apuração!B:B),0) -> 0 | BP53: =IFERROR(_xlfn.XLOOKUP(F53,Apuração!A:A,Apuração!D:D)/_xlfn.XLOOKUP(F53,Apuração!A:A,Apuração!B:B),0) -> 0 | BQ53: =IF(BK53>=BO53,0,_xlfn.XLOOKUP(F53,Apuração!A:A,Apuração!B:B)*(BO53 + (1/_xlfn.XLOOKUP(F53,Apuração!A:A,Apuração!B:B)) - BK53)) -> 0 | BR53: =IF(BQ53=0,0,BQ53*Z53) -> 0 | BS53: =IFERROR((_xlfn.XLOOKUP(F53,Apuração!A:A,Apuração!C:C)+1)/_xlfn.XLOOKUP(F53,Apuração!A:A,Apuração!B:B),0) -> 0.14285714
A54: LIDERANÇA | B54: Formação de líderes em Alta Tensão | C54: AL | D54: OESTE | E54: Aguardando Execução no Corporativo | F54: {=_xlfn.IFS( AG54 <> "", "Jan-Dez/26", AH54 <> "", "Fev-Dez/26", AI54 <> "", "Mar-Dez/26", AJ54 <> "", "Abr-Dez/26", TRUE, "A partir de Junho" )} -> A partir de Junho | G54: Não Iniciada | H54: P1 | I54: Total de líderes certitifcados/Total de líderes mapeados | J54: {=_xlfn.LET( _xlpm.actual_value_month, INDEX(T54:AE54, MATCH(DATE(YEAR(TODAY()), MONTH(TODAY()), 1), $T$1:$AE$1, 0)), IF(_xlpm.actual_value_month <> "",_xlpm.actual_value_month & " ações mensais", "") )} | K54: {=_xlfn.LET( _xlpm.sum_month, SUM(T54:AE54), IF(_xlpm.sum_month = 0, "", _xlpm.sum_month & " certificados gerados no ano") )} | L54: Certificados no treinamento de Alta Tensão | N54: Indicador | AS54: =AE54*BO54 -> 0 | AT54: {=IFERROR(INDEX(AJ54:AR54,1,MATCH(2,1/(AJ54:AR54<>""))),"")} | AU54: =AT54 | AW54: =IFERROR(IF(AG54="",0,AG54/T54),0) -> 0 | AX54: =IFERROR(IF(AH54="",0,AH54/U54),0) -> 0 | AY54: =IFERROR(IF(AI54="",0,AI54/V54),0) -> 0 | AZ54: =IFERROR(IF(AJ54="",0,AJ54/W54),0) -> 0 | BA54: =IFERROR(IF(AK54="",0,AK54/X54),0) -> 0 | BI54: {=IFERROR(INDEX(AW54:BH54,1,MATCH(2,1/(AW54:BH54<>""))),"")} -> 0 | BJ54: {=IF(BM54 = "", "",IFERROR(INDEX(AW54:BH54,1,MATCH(2,1/(AW54:BH54<>""),1)-1),""))} -> 0 | BK54: =IF((IF(AW54>=115%,115%,AW54) + IF(AX54>=115%,115%,AX54) + IF(AY54>=115%,115%,AY54) + (IF(AZ54>=115%,115%,AZ54) + IF(BA54>=115%,115%,BA54) + IF(BB54>=115%,115%,BB54) + IF(BC54>=115%,115%,BC54) + IF(BD54>=115%,115%,BD54) + IF(BE54>=115%,115%,BE54) + IF(BF54>=115%,115%,BF54) + IF(BG54>=115%,115%,BG54) + IF(BH54>=115%,115%,BH54)))/_xlfn.XLOOKUP(F54,Apuração!A:A,Apuração!B:B)>=1.15,1.15,((IF(AZ54>=115%,115%,AZ54) + IF(AX54>=115%,115%,AX54) + IF(AY54>=115%,115%,AY54) + (IF(AW54>=115%,115%,AW54) + IF(BA54>=115%,115%,BA54) + IF(BB54>=115%,115%,BB54) + IF(BC54>=115%,115%,BC54) + IF(BD54>=115%,115%,BD54) + IF(BE54>=115%,115%,BE54) + IF(BF54>=115%,115%,BF54) + IF(BG54>=115%,115%,BG54) + IF(BH54>=115%,115%,BH54)))/_xlfn.XLOOKUP(F54,Apuração!A:A,Apuração!B:B))) -> 0 | BL54: {=IF(SUM(IFERROR(IF(INDEX(AW54:INDEX(AW54:BH54, MATCH(2, 1/(AW54:BH54<>""), 1)-1), ROW(INDIRECT("1:" & MATCH(2, 1/(AW54:BH54<>""), 1)-1))) >= 115%, 115%, INDEX(AW54:INDEX(AW54:BH54, MATCH(2, 1/(AW54:BH54<>""), 1)-1), ROW(INDIRECT("1:" & MATCH(2, 1/(AW54:BH54<>""), 1)-1)))), 0))/_xlfn.XLOOKUP(F54,Apuração!A:A,Apuração!B:B)>=1.15,1.15,SUM(IFERROR(IF(INDEX(AW54:INDEX(AW54:BH54, MATCH(2, 1/(AW54:BH54<>""), 1)-1), ROW(INDIRECT("1:" & MATCH(2, 1/(AW54:BH54<>""), 1)-1))) >= 115%, 115%, INDEX(AW54:INDEX(AW54:BH54, MATCH(2, 1/(AW54:BH54<>""), 1)-1), ROW(INDIRECT("1:" & MATCH(2, 1/(AW54:BH54<>""), 1)-1)))), 0))/_xlfn.XLOOKUP(F54,Apuração!A:A,Apuração!B:B))} -> 0 | BM54: {=IFERROR( INDEX($AW$1:$BH$1, _xlfn.AGGREGATE(14, 6, COLUMN($AW$1:$BH$1)/(AW54:BH54<>""), 2) - COLUMN($AW$1) + 1 ), "")} -> 46113 | BN54: {=IFERROR(INDEX($AW$1:$BH$1,1,MATCH(2,1/(AW54:BH54<>""))),"")} -> 46143 | BO54: =IFERROR(_xlfn.XLOOKUP(F54,Apuração!A:A,Apuração!C:C)/_xlfn.XLOOKUP(F54,Apuração!A:A,Apuração!B:B),0) -> 0 | BP54: =IFERROR(_xlfn.XLOOKUP(F54,Apuração!A:A,Apuração!D:D)/_xlfn.XLOOKUP(F54,Apuração!A:A,Apuração!B:B),0) -> 0 | BQ54: =IF(BK54>=BO54,0,_xlfn.XLOOKUP(F54,Apuração!A:A,Apuração!B:B)*(BO54 + (1/_xlfn.XLOOKUP(F54,Apuração!A:A,Apuração!B:B)) - BK54)) -> 0 | BR54: =IF(BQ54=0,0,BQ54*Z54) -> 0 | BS54: =IFERROR((_xlfn.XLOOKUP(F54,Apuração!A:A,Apuração!C:C)+1)/_xlfn.XLOOKUP(F54,Apuração!A:A,Apuração!B:B),0) -> 0.14285714
A55: LIDERANÇA | B55: Formação de líderes em Alta Tensão | C55: AL | D55: TODAS | E55: Aguardando Execução no Corporativo | F55: {=_xlfn.IFS( AG55 <> "", "Jan-Dez/26", AH55 <> "", "Fev-Dez/26", AI55 <> "", "Mar-Dez/26", AJ55 <> "", "Abr-Dez/26", TRUE, "A partir de Junho" )} -> A partir de Junho | G55: Não Iniciada | H55: P1 | I55: Total de líderes treinados | J55: {=_xlfn.LET( _xlpm.actual_value_month, INDEX(T55:AE55, MATCH(DATE(YEAR(TODAY()), MONTH(TODAY()), 1), $T$1:$AE$1, 0)), IF(_xlpm.actual_value_month <> "",_xlpm.actual_value_month & " ações mensais", "") )} | K55: {=_xlfn.LET( _xlpm.sum_month, SUM(T55:AE55), IF(_xlpm.sum_month = 0, "", _xlpm.sum_month & " certificados gerados no ano") )} | L55: Total de colaboradores treinados nos POP’s de Alta Tensão | N55: Item de controle | AS55: =AE55*BO55 -> 0 | AT55: {=IFERROR(INDEX(AJ55:AR55,1,MATCH(2,1/(AJ55:AR55<>""))),"")} | AU55: =AT55 | AW55: =AG55 -> 0 | AX55: =AH55 -> 0 | AY55: =AI55 -> 0 | AZ55: =AJ55 -> 0 | BA55: =AK55 -> 0 | BI55: {=IFERROR(INDEX(AW55:BH55,1,MATCH(2,1/(AW55:BH55<>""))),"")} -> 0 | BJ55: {=IF(BM55 = "", "",IFERROR(INDEX(AW55:BH55,1,MATCH(2,1/(AW55:BH55<>""),1)-1),""))} -> 0 | BK55: =SUM(AW55:BH55) -> 0 | BL55: {=IFERROR(SUM(AW55:INDEX(AW55:BH55, MATCH(2, 1/(AW55:BH55<>""), 1) - 1))/_xlfn.XLOOKUP(F55,Apuração!A:A,Apuração!B:B),0)} -> 0 | BM55: {=IFERROR( INDEX($AW$1:$BH$1, _xlfn.AGGREGATE(14, 6, COLUMN($AW$1:$BH$1)/(AW55:BH55<>""), 2) - COLUMN($AW$1) + 1 ), "")} -> 46113 | BN55: {=IFERROR(INDEX($AW$1:$BH$1,1,MATCH(2,1/(AW55:BH55<>""))),"")} -> 46143 | BO55: =IFERROR(_xlfn.XLOOKUP(F55,Apuração!A:A,Apuração!C:C)/_xlfn.XLOOKUP(F55,Apuração!A:A,Apuração!B:B),0) -> 0 | BP55: =IFERROR(_xlfn.XLOOKUP(F55,Apuração!A:A,Apuração!D:D)/_xlfn.XLOOKUP(F55,Apuração!A:A,Apuração!B:B),0) -> 0 | BQ55: =IF(BK55>=BO55,0,_xlfn.XLOOKUP(F55,Apuração!A:A,Apuração!B:B)*(BO55 + (1/_xlfn.XLOOKUP(F55,Apuração!A:A,Apuração!B:B)) - BK55)) -> 0 | BR55: =IF(BQ55=0,0,BQ55*Z55) -> 0 | BS55: =IFERROR((_xlfn.XLOOKUP(F55,Apuração!A:A,Apuração!C:C)+1)/_xlfn.XLOOKUP(F55,Apuração!A:A,Apuração!B:B),0) -> 0.14285714
A56: LIDERANÇA | B56: Formação de líderes em Alta Tensão | C56: AL | D56: LESTE | E56: Aguardando Execução no Corporativo | F56: {=_xlfn.IFS( AG56 <> "", "Jan-Dez/26", AH56 <> "", "Fev-Dez/26", AI56 <> "", "Mar-Dez/26", AJ56 <> "", "Abr-Dez/26", TRUE, "A partir de Junho" )} -> A partir de Junho | G56: Não Iniciada | H56: P1 | I56: Total de líderes treinados | J56: {=_xlfn.LET( _xlpm.actual_value_month, INDEX(T56:AE56, MATCH(DATE(YEAR(TODAY()), MONTH(TODAY()), 1), $T$1:$AE$1, 0)), IF(_xlpm.actual_value_month <> "",_xlpm.actual_value_month & " ações mensais", "") )} | K56: {=_xlfn.LET( _xlpm.sum_month, SUM(T56:AE56), IF(_xlpm.sum_month = 0, "", _xlpm.sum_month & " certificados gerados no ano") )} | L56: Total de colaboradores treinados nos POP’s de Alta Tensão | N56: Item de controle | AS56: =AE56*BO56 -> 0 | AT56: {=IFERROR(INDEX(AJ56:AR56,1,MATCH(2,1/(AJ56:AR56<>""))),"")} | AU56: =AT56 | AW56: =AG56 -> 0 | AX56: =AH56 -> 0 | AY56: =AI56 -> 0 | AZ56: =AJ56 -> 0 | BA56: =AK56 -> 0 | BI56: {=IFERROR(INDEX(AW56:BH56,1,MATCH(2,1/(AW56:BH56<>""))),"")} -> 0 | BJ56: {=IF(BM56 = "", "",IFERROR(INDEX(AW56:BH56,1,MATCH(2,1/(AW56:BH56<>""),1)-1),""))} -> 0 | BK56: =SUM(AW56:BH56) -> 0 | BL56: {=IFERROR(SUM(AW56:INDEX(AW56:BH56, MATCH(2, 1/(AW56:BH56<>""), 1) - 1))/_xlfn.XLOOKUP(F56,Apuração!A:A,Apuração!B:B),0)} -> 0 | BM56: {=IFERROR( INDEX($AW$1:$BH$1, _xlfn.AGGREGATE(14, 6, COLUMN($AW$1:$BH$1)/(AW56:BH56<>""), 2) - COLUMN($AW$1) + 1 ), "")} -> 46113 | BN56: {=IFERROR(INDEX($AW$1:$BH$1,1,MATCH(2,1/(AW56:BH56<>""))),"")} -> 46143 | BO56: =IFERROR(_xlfn.XLOOKUP(F56,Apuração!A:A,Apuração!C:C)/_xlfn.XLOOKUP(F56,Apuração!A:A,Apuração!B:B),0) -> 0 | BP56: =IFERROR(_xlfn.XLOOKUP(F56,Apuração!A:A,Apuração!D:D)/_xlfn.XLOOKUP(F56,Apuração!A:A,Apuração!B:B),0) -> 0 | BQ56: =IF(BK56>=BO56,0,_xlfn.XLOOKUP(F56,Apuração!A:A,Apuração!B:B)*(BO56 + (1/_xlfn.XLOOKUP(F56,Apuração!A:A,Apuração!B:B)) - BK56)) -> 0 | BR56: =IF(BQ56=0,0,BQ56*Z56) -> 0 | BS56: =IFERROR((_xlfn.XLOOKUP(F56,Apuração!A:A,Apuração!C:C)+1)/_xlfn.XLOOKUP(F56,Apuração!A:A,Apuração!B:B),0) -> 0.14285714
A57: LIDERANÇA | B57: Formação de líderes em Alta Tensão | C57: AL | D57: OESTE | E57: Aguardando Execução no Corporativo | F57: {=_xlfn.IFS( AG57 <> "", "Jan-Dez/26", AH57 <> "", "Fev-Dez/26", AI57 <> "", "Mar-Dez/26", AJ57 <> "", "Abr-Dez/26", TRUE, "A partir de Junho" )} -> A partir de Junho | G57: Não Iniciada | H57: P1 | I57: Total de líderes treinados | J57: {=_xlfn.LET( _xlpm.actual_value_month, INDEX(T57:AE57, MATCH(DATE(YEAR(TODAY()), MONTH(TODAY()), 1), $T$1:$AE$1, 0)), IF(_xlpm.actual_value_month <> "",_xlpm.actual_value_month & " ações mensais", "") )} | K57: {=_xlfn.LET( _xlpm.sum_month, SUM(T57:AE57), IF(_xlpm.sum_month = 0, "", _xlpm.sum_month & " certificados gerados no ano") )} | L57: Total de colaboradores treinados nos POP’s de Alta Tensão | N57: Item de controle | AS57: =AE57*BO57 -> 0 | AT57: {=IFERROR(INDEX(AJ57:AR57,1,MATCH(2,1/(AJ57:AR57<>""))),"")} | AU57: =AT57 | AW57: =AG57 -> 0 | AX57: =AH57 -> 0 | AY57: =AI57 -> 0 | AZ57: =AJ57 -> 0 | BA57: =AK57 -> 0 | BI57: {=IFERROR(INDEX(AW57:BH57,1,MATCH(2,1/(AW57:BH57<>""))),"")} -> 0 | BJ57: {=IF(BM57 = "", "",IFERROR(INDEX(AW57:BH57,1,MATCH(2,1/(AW57:BH57<>""),1)-1),""))} -> 0 | BK57: =SUM(AW57:BH57) -> 0 | BL57: {=IFERROR(SUM(AW57:INDEX(AW57:BH57, MATCH(2, 1/(AW57:BH57<>""), 1) - 1))/_xlfn.XLOOKUP(F57,Apuração!A:A,Apuração!B:B),0)} -> 0 | BM57: {=IFERROR( INDEX($AW$1:$BH$1, _xlfn.AGGREGATE(14, 6, COLUMN($AW$1:$BH$1)/(AW57:BH57<>""), 2) - COLUMN($AW$1) + 1 ), "")} -> 46113 | BN57: {=IFERROR(INDEX($AW$1:$BH$1,1,MATCH(2,1/(AW57:BH57<>""))),"")} -> 46143 | BO57: =IFERROR(_xlfn.XLOOKUP(F57,Apuração!A:A,Apuração!C:C)/_xlfn.XLOOKUP(F57,Apuração!A:A,Apuração!B:B),0) -> 0 | BP57: =IFERROR(_xlfn.XLOOKUP(F57,Apuração!A:A,Apuração!D:D)/_xlfn.XLOOKUP(F57,Apuração!A:A,Apuração!B:B),0) -> 0 | BQ57: =IF(BK57>=BO57,0,_xlfn.XLOOKUP(F57,Apuração!A:A,Apuração!B:B)*(BO57 + (1/_xlfn.XLOOKUP(F57,Apuração!A:A,Apuração!B:B)) - BK57)) -> 0 | BR57: =IF(BQ57=0,0,BQ57*Z57) -> 0 | BS57: =IFERROR((_xlfn.XLOOKUP(F57,Apuração!A:A,Apuração!C:C)+1)/_xlfn.XLOOKUP(F57,Apuração!A:A,Apuração!B:B),0) -> 0.14285714
A58: LIDERANÇA | B58: Formação de líderes em Alta Tensão | C58: AL | D58: TODAS | E58: Aguardando Execução no Corporativo | F58: {=_xlfn.IFS( AG58 <> "", "Jan-Dez/26", AH58 <> "", "Fev-Dez/26", AI58 <> "", "Mar-Dez/26", AJ58 <> "", "Abr-Dez/26", TRUE, "A partir de Junho" )} -> A partir de Junho | G58: Não Iniciada | H58: P1 | I58: Total de líderes certitifcados/Total de líderes treinados | J58: {=_xlfn.LET( _xlpm.actual_value_month, INDEX(T58:AE58, MATCH(DATE(YEAR(TODAY()), MONTH(TODAY()), 1), $T$1:$AE$1, 0)), IF(_xlpm.actual_value_month <> "",_xlpm.actual_value_month & " ações mensais", "") )} | K58: {=_xlfn.LET( _xlpm.sum_month, SUM(T58:AE58), IF(_xlpm.sum_month = 0, "", _xlpm.sum_month & " certificados gerados no ano") )} | L58: Taxa de aprovação pós o treinamento | N58: Item de controle | AS58: =AE58*BO58 -> 0 | AT58: {=IFERROR(INDEX(AJ58:AR58,1,MATCH(2,1/(AJ58:AR58<>""))),"")} | AU58: =AT58 | AW58: =AG58 -> 0 | AX58: =AH58 -> 0 | AY58: =AI58 -> 0 | AZ58: =AJ58 -> 0 | BA58: =AK58 -> 0 | BI58: {=IFERROR(INDEX(AW58:BH58,1,MATCH(2,1/(AW58:BH58<>""))),"")} -> 0 | BJ58: {=IF(BM58 = "", "",IFERROR(INDEX(AW58:BH58,1,MATCH(2,1/(AW58:BH58<>""),1)-1),""))} -> 0 | BK58: =IF((IF(AW58>=115%,115%,AW58) + IF(AX58>=115%,115%,AX58) + IF(AY58>=115%,115%,AY58) + (IF(AZ58>=115%,115%,AZ58) + IF(BA58>=115%,115%,BA58) + IF(BB58>=115%,115%,BB58) + IF(BC58>=115%,115%,BC58) + IF(BD58>=115%,115%,BD58) + IF(BE58>=115%,115%,BE58) + IF(BF58>=115%,115%,BF58) + IF(BG58>=115%,115%,BG58) + IF(BH58>=115%,115%,BH58)))/_xlfn.XLOOKUP(F58,Apuração!A:A,Apuração!B:B)>=1.15,1.15,((IF(AZ58>=115%,115%,AZ58) + IF(AX58>=115%,115%,AX58) + IF(AY58>=115%,115%,AY58) + (IF(AW58>=115%,115%,AW58) + IF(BA58>=115%,115%,BA58) + IF(BB58>=115%,115%,BB58) + IF(BC58>=115%,115%,BC58) + IF(BD58>=115%,115%,BD58) + IF(BE58>=115%,115%,BE58) + IF(BF58>=115%,115%,BF58) + IF(BG58>=115%,115%,BG58) + IF(BH58>=115%,115%,BH58)))/_xlfn.XLOOKUP(F58,Apuração!A:A,Apuração!B:B))) -> 0 | BL58: {=IF(SUM(IFERROR(IF(INDEX(AW58:INDEX(AW58:BH58, MATCH(2, 1/(AW58:BH58<>""), 1)-1), ROW(INDIRECT("1:" & MATCH(2, 1/(AW58:BH58<>""), 1)-1))) >= 115%, 115%, INDEX(AW58:INDEX(AW58:BH58, MATCH(2, 1/(AW58:BH58<>""), 1)-1), ROW(INDIRECT("1:" & MATCH(2, 1/(AW58:BH58<>""), 1)-1)))), 0))/_xlfn.XLOOKUP(F58,Apuração!A:A,Apuração!B:B)>=1.15,1.15,SUM(IFERROR(IF(INDEX(AW58:INDEX(AW58:BH58, MATCH(2, 1/(AW58:BH58<>""), 1)-1), ROW(INDIRECT("1:" & MATCH(2, 1/(AW58:BH58<>""), 1)-1))) >= 115%, 115%, INDEX(AW58:INDEX(AW58:BH58, MATCH(2, 1/(AW58:BH58<>""), 1)-1), ROW(INDIRECT("1:" & MATCH(2, 1/(AW58:BH58<>""), 1)-1)))), 0))/_xlfn.XLOOKUP(F58,Apuração!A:A,Apuração!B:B))} -> 0 | BM58: {=IFERROR( INDEX($AW$1:$BH$1, _xlfn.AGGREGATE(14, 6, COLUMN($AW$1:$BH$1)/(AW58:BH58<>""), 2) - COLUMN($AW$1) + 1 ), "")} -> 46113 | BN58: {=IFERROR(INDEX($AW$1:$BH$1,1,MATCH(2,1/(AW58:BH58<>""))),"")} -> 46143 | BO58: =IFERROR(_xlfn.XLOOKUP(F58,Apuração!A:A,Apuração!C:C)/_xlfn.XLOOKUP(F58,Apuração!A:A,Apuração!B:B),0) -> 0 | BP58: =IFERROR(_xlfn.XLOOKUP(F58,Apuração!A:A,Apuração!D:D)/_xlfn.XLOOKUP(F58,Apuração!A:A,Apuração!B:B),0) -> 0 | BQ58: =IF(BK58>=BO58,0,_xlfn.XLOOKUP(F58,Apuração!A:A,Apuração!B:B)*(BO58 + (1/_xlfn.XLOOKUP(F58,Apuração!A:A,Apuração!B:B)) - BK58)) -> 0 | BR58: =IF(BQ58=0,0,BQ58*Z58) -> 0 | BS58: =IFERROR((_xlfn.XLOOKUP(F58,Apuração!A:A,Apuração!C:C)+1)/_xlfn.XLOOKUP(F58,Apuração!A:A,Apuração!B:B),0) -> 0.14285714
